review_id,app_name,review,date,label,rating,word_count
app01-review001,com.lyft.android.driver,"Thanks but no thanks for I did make a mistake Volunteering as an ESSENTIAL services, did my best now knowing I will be only a Click away not even knowing who and why while Mr.Turmp was paying all those who chose not to work Unemployment Plus extra $600.00 and I was working as a essential services driver when I took a woman lyft's Driver who chose to stay home to a Hospital in SantaMonica HOspital just to get her mom off Life Support and many more who needed some one to take as an emergency. I was taking all those risks making much less than those who chose not to work during the midst of Pansdamic. Lyft has absolutly no respect for the Driver who put food on their table, fact is the Drivers are the back bone of any Riode share which includes Lyft. SAFeTY I was told was the reason after wasting so much of my time without any notice or warning my driver'r rating from Passengers was always FIVe STARS. until the day I found out when getting ready to go on line & Volunteer for those who really need to get somewhere just like the woman I took to the HOspital Crying about her Mom (that ride meant millions to me)' Some one I am still unaware of clicked and that was it Account DEacttivated. didn't know why it took me three days to find out the reason I found out after so many well decorated WEb Help links, actual help for a Driver , a complete waste of time . I mean come on I may not be in New York and currently Residing in Californai but Cali is Part of these United States, absoultly no respect , no warning of any kind , what's u[ with Job security,; shocked and wondering I should have pretended to support their fake surveys of Driver's support of 70% for Prop Rigging and while believing in freedom of speech knowing and thinking I still have a right to write and ex[press what I know for the company I work, I didn't support the Prop I was told to support, was the reason behind for deactivating my account. When one take a job of any kind and any where in any part of World this business is the first and on top of the list when it comes to Oppressing those who bring revenue to you so you can get Paid How foolish can one be for taking away a man s liveliehood just with a click , gone fired , no more & I have my God telling me the truth shall set us free and justice shall be served The God's way and not the Trump's way calling you The Rigging Fake News , sorry to repeat the title given to you by D. J Trump very well known not only to us here in these United States, also All over the World. One very Important Reminder, temporarily you might be gettting away with your unfair evil Acts but though shall be Haunted for your DEEDS causing serious damages to some one some where specially forbidden acts of doing harm indirectly to someone's child, may God Bring you Down with a complete Disgrace not only for taking someone's livlihood, like my self, also making it hard for those desperate Ride seekers for their God's sent Emergencies just like the Woman I took to E R crying just to make sure she takes a last Glimp of Her mom & let me add this for I am not going to exaggerate on illl Acts and taking advantage of People's during their Emergecy by setting certain preferances for Picking up long time wait asking for Double and Triple amounts explointing depending on who and what area some one has an emergency pick up call, I have been working for this Cunning Business and also I have been in the beginni ng taking rides as a passenger & I am not making up any of it, You know what they say it may be a little late for God is Documenting those Greedy like you being Forklifted without a Funeral , that might God of all will be there sooner or later, if not today may be tomorrow, ask for Mercy for UNfortunatly you don't have a word in your Dictionary callllllllled :::Mercy, Thanks for Sharing just the way I did it by letting you know there are no more than 3% of Drivers who will support a Prop that is going to hurt their families and children, you kept coming up with an insane percentage to fool those Voters inorder for you to be benefitted fin",2021-11-20,1,2,787
app01-review002,com.freestylelibre2.app.us,"I am giving it 2 stars. I think they are going in the right direction and improving the technology which I very much enjoy. Compared to pricking my finger and waiting 25 seconds or anything else I have done. I have had little problem getting my readings, the sensor works. Over time I have had problems with a sensor not working or even dead on arrival, but calling the Libre hot line always results in a new sensor being sent to me. I do not like this app however, it is probably a good start but if user control doesn't improve, I plan to move on. Background: I have type 1 diabetes, been diabetic for 34 years. Consider myself fairly stable. Never used a pump, so all injections. Been using the Libre 1 sensor since it first came out. Been on the 14 day Libre 2 sensor for about 3 months. Once this app became available, I was excited to start using it and it has now been about a month. Education: Electrical Engineer so very technically savvy. What I think needs to be improved: 1. Remove the limitation of user controls for sound, vibration, range limits, etc. In fact, add more options based on what different diabetic needs might be. This app was built for someone that wants to helicopter their child or a parent. and not let them be able to turn it off. If you are dealing with someone that needs help or can easily get themselves into a predicament, it makes sense that you want to set certain settings. This app assumes you can't make your own decisions. and needs everyone in your home, building, city to know if your blood sugar is high or low. 2. Make the alarms easier to dismiss. I use android and I lock my phone. So when the alarm starts going off I have to get to my phone, then I have to unlock it, find the alert icon at the top of the screen and then slide it it over to dismiss it. It takes a while. If I am in a meeting or somewhere I don't want to be a distraction, the last thing I want is a app that starts ringing to disrupt everything. If I could reach in my pocket and push one of the side buttons and have it stop, that would be acceptable. I do have a smart watch and the notification does show up on my watch with a ""dismiss"" button, but that is sometimes not easy to hit. 3. Along the same lines of making it easier to dismiss, make the dismiss button easy to get to (foreground) and then don't keep turning the alarm on every minute. Once I dismiss the alarm, I know about it, so don't remind me every minute and make me dismiss it again! Once my blood sugar was going low because I took too much insulin. I realized my mistake and found something to eat. About the same time my alarm started going off, I dismissed it. The alarm went off five more times in the time it took for the food I had eaten to raise my blood sugar. This is really annoying in the middle of the night!!!! Going back to the easy dismiss button, I have alarm apps that when they go off, they take over the screen (locked or not) and allow you to snooze or dismiss. This app should be able to do the same, make it easy to dismiss and then don't keep alerting me of something I know unless it is an option in the settings. 4. Allow the alarms to be vibration as an option. Right now the only option is to let the phone vibrate while doing a reading. See my notes above... I am one that prefers to knowing without announcing it to everyone around me. 5. Allow users to turn on/off the ultra low alarm or at least be able to set the range. Right now this is set at 55 mg/dl and you can not turn it off. I think it is a good feature to have but I also think that every diabetic is different I personally don't black out (ever), I would rather set my alarm to 50 mg/dl. I am not saying take it out, I am saying give the user options. 6. Provide parental options. I do think there are times when a user might be a child or an older person that might not have the ability to control their diabetes themselves. In these cases, a caregiver or parent might need to setup options without letting the individual change them.",2021-12-29,3,4,781
app01-review003,com.sonypicturestelevision.myheroacademia,"Almost every 5* review is a shill. The average reviewer for this game are idiot fanbois who are completely blinded by the IP and will love literally anything despite only playing for an hour and being completely unable to actually afford anything. I've been playing since launch and there has been no new content in months. New characters are NOT new content. Minimum cost of a new hero is $266.50 but that hero is handicapped and cannot use all skills. Full upgraded hero is $3,486.80 WITHOUT CARDS. Total cost for fully upgrading both support cards is $4933.60. Fully upgraded new event hero cost: $8420.40. Average monthly cost to play without drawing for newly released units: about $400. The game itself is loaded with game breaking bugs and lag which actually get worse with each update. Support is non-existent as you can guess by the bot replies to every valid negative review. Sony should be ashamed. Without question this is the most expensive and exploitive gacha game out there by a HUGE margin. It's absurd how expensive every action in this game is. First thing to keep in mind is you don't get enough hero coins, the primary currency, through normal play to have meaningful draws or really do anything. Less than 3 draws a week assuming you don't use HC for anything else. If you want a new hero you WILL HAVE TO PAY. There's no other way. Let's look at the cost of a new hero. The drop rate is 1.2% with a pity of 100 which means statistically you'll be going to pity on every hero one way or another. This is intentional. YOU WILL HAVE TO PITY ALMOST EVERY TIME. The best possible price is $2 per draw but you can only do 50 of those. After that the best price is $3.33 per draw which you can do 180 times. Once those are exhausted it's $3.62 a draw. You need 100 draws to simply get the hero which will cost $266.50 but at that level they can't use the full talent tree and are at a severe handicap and not viable for competing in any events. To unlock MOST of the talents you need to hit SS which is 300 draws costing $952.80. A fully unlocked hero needs 1000 draws to hit SSS+ costing a jaw dropping $3,486.80. For a single hero. That doesn't even include the limited support cards which are also more or less required for events and have a completely separate draw pool. Event hero support cards are an entirely separate draw pool for each new hero and available for only 2 weeks. They have a rate of 3% with 100 pity but there are two cards. Unlike the hero draw it’s not necessary to have multiple copies of the support cards but you’ll need at least one of each and you can’t choose. Best cost per draw is $2.5 for up to 120 draws then it’s back to $3.62 a draw. This makes the first card $250, the second $339.60, and each one after $362. Each card has a max upgrade needing 7 copies of the card for each of the two cards. Total cost for fully upgrading both support cards is $4933.60. Contest events happen weekly and cost $10 for the pass. Without the pass the rewards are pretty much worthless so expect to pay it each week. Another $5 a week for 100 extra daily stamina. The stamina is needed for everything that gives xp except for the 9 dailies. Most things cost 25 stamina per run which are timed and often less than 5 seconds. Stamina otherwise regens at a rate of 1 every 5 minutes with about 250 extra (10 runs) available throughout the day. Regular draws now finally include a single free draw per day but cost the same $3.62 each as event draws but use a different ticket currency. Regular support card draws are the same cost but yet another ticket currency. Then there are limited active card draws that are ANOTHER different currency. In total there are 5 different ticket pools you’ll have to draw from and they all cost the same but have separate pity systems. As of writing this, there is no game that exploits, disrespects, and hates their players as much as MHA Strongest Hero. If you’re a fan of the franchise, this game will fix that. I used to like MHA now it just reminds me how greedy and incompetent the people managing it are.",2021-12-01,1,2,754
app01-review004,com.global.ztmslg,"Would you like to play the card game War? You only start with Aces and Twos, but you can unlock a higher card every month! We promise it's a strategy game! I've been playing this game for 180 days. I have done reasonably well, placing in the Global top 5% of events, and top 25 of free for all events. Here are the pros and cons: 1. Logistics - There's a fun aspect of resource management/gathering in the game. You gather and buy buildings, research, and upgrades. Yay! 2. Events - Once you learn how to manage your sanctuary, you can start timing gains with events, allowing you to get more points, gains, and advancements. This is an addicting part of the game, and one I enjoy figuring out how to do the best at. 3. Puzzles - There is a story campaign that starts, but has no closure. When you reach the end, there is no story, cinematic, or other ending to the 24 levels you fought through. The story drops, and starts over at a harder version of level 1. What's more, the puzzles seem like a challenge until you realize your NPC enemies are either grossly over your power level, or easy enough to be able to be taken by the autoplay function. Sure, you can eek out a manual victory against a hard level once in awhile, but most of the time it is a matter of how much you have upgraded your heroes. 3. Theme - All over the place! Zombie game? Mutant spiders/scorpions? Godzilla mods... puppies and kittens to rescue?! What the hell is going on?! They could do a lot by leaning into the zombie theme and making it immersive, instead of having bits of 10 different genres. 4. Combat - Back to my 'war' analogy. If you are fighting someone who has more stats than you, you lose. There is no strategy, just a greater than/less than result. They do have a Rock, Paper, Scissors mechanic where Riders/Fighters/Shooters have a weakness against one and an advantage over another, however after a certain point that benefit becomes negligible. If you are fighting someone a sanctuary level or two higher than you (I am level 51, Sanctuary level 27), be prepared to lose 100-200 troops for every 1 you take down. When you lose a fight badly, they pop up an advertisement to 'avenge yourself', selling you a bunch of resources and healing speed ups. However, there is absolutely no way you will beat that target. There is no strategic lever to pull, you are just going to lose again. This means in the Alliance vs. Alliance events, or free for all events, there is not a strategy to implement to get ahead, you just have to stay in your lane, picking off the weaker sancs while trying to stay out of the crosshairs of larger ones. 5. Inconsistency - There are some weird bugs in the rally system. You can team up with up to 5 members of your alliance to take down Zombie Lairs. This seems like a cool team building event. However, there is a break in the game the devs refuse to acknowledge (despite screen shots being sent). The way you beat these is to have one person take the primary spot and send a strong troop. Others each provide 1 troop to take part and get rewards, but not have an impact. If you have the 2-6 spots send full troops, you'd think you'd take less casualties and do more damage. However, your casualties will go from 2-3K to 80K+, and damage dealt will be somewhat larger, but not worth the extra loss. This is one of many weird bugs. 6. Pay to Win - I have gotten reasonably far in this game without spending a dime. I like to play on skill, not my wallet, and am okay with others who can buy an edge/time with a few extra bucks. However, there are powerful heroes and equipment that cannot be earned in game. You have to buy them. Then once you buy them, you have to buy upgrades for them. When you get into the PvP arena (Hero Battles), there is no filter/search to challenge people at your power level. You are presented with other players who are 10-50% stronger than you, and get a small reward for losing. To compete, you have to pay. 7. ""Customer Service"" - An absolute joke. They brush off questions/concerns, and even wave off screenshot evidence.",2022-01-09,2,3,754
app01-review005,com.plarium.raidlegends,"I have played this game for 2 years now and I have to say that to anyone thinking of starting this game, DON'T. Just don't. You will never complete end game content unless you spend $20,000 in real money or more. And you might not be able to do so even if you spend that much. This game is very gatekeeped in that you need certain heros to get past certain points in the game and there are no guaranteed ways to get those heros except to spend on shards until you randomly pull them. The quests take over and hour a day and events are generally 2 week cycles that take up to 7-8 hours a day to do. The game feels more like a 2nd full time job than a recreational activity at this point. I could not recommend anyone to play this game who likes to see a game through to the end nor would I suggest you fall for their propaganda and think you will get ""lucky"" on your pulls because you won't. This is a game for what we in the gaming world call ""Whales"", those people who have more time and money than anyone really should have and can invest 10,000 - 50,000 into a game every month. And to make it worse those are the only people this company really cares about. Sure the game looks pretty and the beginning seems pretty generous but as you get deeper and deeper into the game you can't help but realize you have been screwed. The rewards for all your time invested just don't add up. Power creep is getting worse and worse and the continual addition of heros makes it even less likely you will ever pull ones you need to do certain things in the game. Life is short. There are so many things to you can do with your life and this is one of the worst investments you could make with your time that I have ever found. If you really need to blow time like its nothing go play WoW for $15 a month. A far better bargain and more satisfying in return of reward for time spent than this game. The sad thing is that all of the games by this company are the same way and due to its addictive nature people are drawn to them like crazy. Seriously, just don't download this and don't start it. You will be happier 2 years from now if you don't. There are competitors who are releasing games similar to this one and they promise to be much more open to the average player aka someone who does NOT have 10,000 a month to blow on a phone game and Raid will either change or die. I really don't care which happens. I can't even count the number of hours I have wasted on this game and I sincerely regret ever downloading it to start with. I do want to let all of you know this is not just a disgruntled player who is angry, even if I am angry. I believe all things should make the world a better place, even games. And this game does NOT make the world a better place. There is NOTHING about it that is not greed, or time sucking, or soul sucking. It is the video game equivalent of a slot machine and it does not care if you win or lose. And you are going to lose. Your time, your money, perhaps things even more important to you. We know how gambling can change a person's life and this game is nothing but gambling. You may start our thinking you are going to stay free to play but you won't. You will see an ""incredible deal"" perhaps get what looks like an amazing hero, and you are on your path to giving this company far more money than you expect. I have decided that I do not want to support businesses that promote greed and addiction and that what this company does. If their government cared anything about their people they would declare this a gambling operation and outlaw them in their nation. You have been warned.",2021-12-19,4,5,703
app01-review006,com.apple.movetoios,"This app is terrible. The support and instructions for this is just as bad. I tried for two full days to transfer my messages. This is the only way to do it. Apple Support sent me to a local shop, blaming my WiFi. The tech at the shop told me they have never been successful in this app working its way to completion. At that point, I had to decide if I wanted to switch to iOS and lose my message history or stay on Android. It doesn't make sense about the WiFi comment from Apple because the iOS is the one broadcasting and is the backbone for transferring them. If you don't need to migrate your messages, there are other apps to transfer contacts, photos, and other items. Use those instead. So you might want to try to migrate your messages only and then use the other apps to transfer photos, etc. If you are making the switch, here are some tips: * Don't activate your iPhone until this completes. Otherwise, you'll get texts, phone calls, etc. even though you're iOS device hasn't been fully set-up. If you do view your call log or texts, you'll have to go through the setup and then do a device factory reset and start the Move to iOS process all over again. * It uses a private WiFi SSID from the iOS device to the Android device. For no more than 5 seconds, the Android device needs to connect to the SSID. If it doesn't, it just continues and tries to use your WiFi but it never goes anywhere and there is no indication from either app that nothing is happening. * If you don't see a pop-up on your Android device that you connected to the SSID ""iOS xxxx"", then you might want to take a 3rd device out and then look to see if the iOS device is broadcasting it or not. There were multiple times I didn't see it broadcast so I knew to start over again. * If you have to start over, it is best to restart both devices. * Make sure that you leave both devices alone until the transfer finishes. For example, on your Android device, the Move to iOS app should stay on-screen the whole time. If you use another app or get a phone call on your Android before the transfer finishes, your content won't transfer. So maybe take the SIM card out and silence all notifications on your Android device. * The instructions say, ""should stay onscreen the whole time"". Does this mean that if you turn off the screen, everything stops? What about burn-in? Even so I would advise to just leave it on because anecdotally, it seemed to go further (until it didn't). It is crazy that Apple engineers have to have the Android app in the foreground at all times with the screen on to make this work. This seems like a relic from pre-2000. * Even though this doesn't work the first time, there is no mention of what happens if you want to only transfer messages only. My guess is that you then have to use other apps to transfer Photos, Music, Device contacts, etc. What progress indicators they have either constantly spins or there is a line that never fills up. At times, it may tell you how much longer it will take to complete, but if you triple that time and return to your device, it is still stuck on the same message. Perhaps they should have a progress indicator of how many kilobytes out of how many gigabytes are moving across the connection. Yes, kilobytes because it feels like waiting for a file transfer over a 14k modem. Once you do get the file transfer, there are no warnings like ""the app stopped working due to.... "" Good luck - hope you have better luck than me. I understand that Apple touts the security of iMessage but I would think that they would try to make this one of their most robust applications, not their worst.",2021-11-27,4,5,682
app01-review007,epic.mychart.android,"You'll die using this app! The one GIANT problem is that every health care provider uses a different system or none at all. My Chart has a way to link to a few, mine wasn't listed. I refuse to sign up for all these because I'd have 50+ health provider apps by now! I had some and the doctor's office didn't seem to use it either! This is a nightmare for the patient, let alone an elderly patient. Either get together and figure out one app that everyone uses or just forget it. It is just a much more complicated way of trying to connect with your ONE doctor. Then you get to repeat this for each healthcare provider you see. It's not super simple to use and plan on spending quite a bit of time learning it. It would be easier if I could just use antiquated email my doctor's office. This seems to be set up so patients can start doing some administrative work for the providers because it's so chaotic. It would have potential, but this isn't going to work in the USA's current health care system. Most older people who see several doctors won't be able to use this. Ask yourself, will I be able to do this when I'm 80 or 90? After searching for how to give me proxy to my elderly mother's healthcare, I had to contact Epic through their corporate website. There is no link to tech support from Epic anywhere. Ends up I have to create another My Chart account for myself under my Mother's healthcare provider. All-in-all, not even close to being ready for prime time. Probably an impossibility in our fragmented health care system. I could have 50 My Chart accounts just trying to manage mine and my Mother's care. Information is never correct in this system for my 98 year old mother! It's better than nothing, but we are so far away from having any decent system. Anyone outside the ""Prohealth Care"" system that she sees, the info isn't put in her My Chart, so it's not even accurate for the doctors. Missing meds and melanoma diagnosis. YIKES! And I can't seem to accept an invitation. Too time-consuming to even try and use. Plus I have my own My Chart in another State that is significantly different to use. Also, a pita to keep having to click ""load More"" when trying to go back and read something from 2019. This needs so many, many, many improvements to really be useful. Do NOT rely on this for your health care! There are also very stupid mistakes in the design like not removing the ""Dr."" or ""nurse"" when sorting names of doctors. This is the ONLY ""Filter"", you can't sort by health issue or date or anything else. Is Epic doing ANY testing of this app/system? It's been around a long time and should be much better by now. It is not notifying me by email when I have a message!?! Yes, I have it set to email! ALSO, no way to contact EPIC when it doesn't work. The doctor's offices don't know. This is really, really bad and very scary that my 98 year Mother's life depends on this junk. Now finding medical errors in my My Chart! Messages show ME, not who I'm contacting. Incredible how poorly designed this is. It is really UNUSABLE for anyone with several health issues like EVERY OLD person out there! I cannot reply to a doctor through the broken messages system. I just cannot believe this junk is out there for healthcare! You'll die here! Update 1/11/2022: Response from My Chart...""You may experience a delayed response due to the recent increase in questions during the ongoing pandemic. If you have an appointment coming up within the next few days or a similar urgent request, please contact your physician’s office. "" What a useless piece of garbage. Also called My Chart support for Prohealth and basically was just told to call the doctors because My Chart doesn't work.",2022-01-11,4,5,675
app01-review008,com.asmodeedigital.terraformingmars,"Recreates board game well. Issue: Asynchronous (longform/non-live) games are a bad experience: • In async games, players do not remain in the game after their actions are performed. This means they must re-enter and re-load the game for every single turn, including every single round of draft. Load times become obstructively longer as games progress, leading load times to completely eclipse time spent playing the game, making the game a bloated timesink and far less desirable to play. • In async games, if a player misses their push notification, there will never be a reminder, often leading to games unnecessarily stalling out until the unwitting player is ejected from time out. This is a resolution which is not fun for anyone. A recurring push notification every 10 hours (or user-set duration) reminding players that 'It's still your turn' would prevent async games from stalling out. Additionally, a 3 day turn timer rather than a 45 day game timer would prevent extensive stallouts and would be far more appropriate for a game in which the number of turns per player can vary dramatically, based on how many turns they take in a round before they pass and how many rounds the game lasts. • In async games, drafting in turn order especially drags out the process, as players either are not notified to look at their options until it is their turn in the turn order, or players who look at information early must unnecessarily re-enter and re-load (which is a timesink) the game when it is their turn in the turn order to officially submit their selection. Notifying and engaging turn timers for all players at the start of each round of draft selection and allowing them to make their draft selection in any order would be far more streamlined. Additionally, this would increase the likelihood of async players drafting live if players could see who is online as well as who has submitted their selection, getting an idea of whether staying for the next draft selection round (and thus skipping an additional problematic re-load of the game) is worthwhile. • In async games, the final round of draft before making purchases is completely unnecessary — each person must login, in turn order, and then they are done. There is no action for them to perform, there is no new information for them to perceive. In a live game, the round serves to display, in turn order, all players 'receiving' their final card from an adjacent player. They simply receive their final card and may not even yet look at their ultimate purchase options. This is a timesink in general, but it worsens further when coupled with the inoptimal load times in the game. This should be removed entirely. Show an animation of passing through the turn order to live players instead of doing a login check - or better, don't do the drafts in turn order at all and remove this step entirely for everyone. Issue: It prohibitively challenging to determine whether there are 1 or 2 steps to the temperature tracker rewards due to the placement of the number. This requires exiting the game to google search an image of the board just to find out. The number should be moved to the side of the line or below the line, anywhere less obstructive, and the rewards should state the temperature at which they occur with a long press. ——— Asmodee replied: Hello! Thanks a lot for this thorough review, we truly appreciate the feedback. We are also already hard at work on correcting some of the issues you mentionned. We do recommend you join our Discord channel so you can exchange with the team directly. Best regards. ——— N Kando replied: I left a long review regarding issues with async mode and UX and you referred me to the developer discord to discuss further .. but you provided no means to find it nor have I been able to search for it. Can you refer me? ...",2021-12-08,2,3,670
app01-review009,com.delta.mobile.android,"New version drops from 2 to 1 star; saw no advantages and now: can’t see where flights come from; check-in with KLM and can’t track bags. Necessary but terrible app, Review from Oct 2020: I’ve now made 5 transatlantic trips with the App, having used United and it’s app the last 15 years. Although it’s generally helpful and better than nothing; it often isn’t and needs work: 1. Started about 48 hours prior to the flight you can’t see the seat maps anymore except by check in. Why? It’s not critical to travel, but why turn if off? United lets you see even after boarding. 2. Speaking of check-in, if you start your journey with an airline partner, which during the pandemic coming out many other countries is pretty much a given right now, the app is of limited value even if most of the trip is with Delta. You can’t check-in, see boarding passes etc.. On one trip, I had registered with Air France so I could check-in on their app, but then Air France assigned those miles to their program instead of Delta’s which does me no good; 2 months later, it’s still not sorted out. 3. During a trip, the app frequently shows notices and delays that are inaccurate and confusing. Take for example a recent trip from Munich to St. Louis via Amsterdam and Detroit. At one point it said the flight to Detroit was delayed and I would miss my connection; click and it showed we had departed at 10:08 (accurate, seven minutes EARLY) and also showed our scheduled departure as 4:15 (which is not related to any schedule or reality). It then showed an accurate arrival time in Detroit which left two hours to catch the connection (even a disabled wheelchair driver could get someone to that flight). The follow on flight was delayed, but the app never really got any of the information correct; afterwards, it showed the correct arrival time as delayed but showed a inaccurate scheduled arrival time that was later than both the scheduled and actual arrival times (in other words, if you did the math yourself off the app, we were 30 minutes early instead of 40 minutes). I’ve seen these type error on 3 of 5 trips. 4. A neat feature is looking at where the aircraft is coming from, allowing you to get a picture of how tight things will be. Unfortunately I’ve only seen this link show up as one checks in and then only for the one flight directly prior to mine. That’s adequate for transoceanic flights but for short haul flights doesn’t give an accurate picture. In comparison, United’s app will allow you to look back several flights with a far better clue on how things are really going. With United, I’d literally seen problems ahead of time and changed a route to avoid them … that’s not likely to ever happen with the current Delta app. 5. It is buggy, for example in Detroit all the sudden it wouldn’t log me on and then locked me out saying I had to call customer support. They said they’d call-back in 25 minutes, but took 40, by which time I reset the password from a browser which fixed it. I’ve had problems with it several times. The app has promise and is better than nothing. But if I were picking an airline based on the app alone, I’d walk away from Delta (they’re safe still by the way, the service remains good for the price).",2021-12-18,3,4,590
app01-review010,com.outdooractive.Outdooractive,"=====12-31-2021===== After more than a year I am finally uninstalling this app because it goes nowhere. Enough said. =====3-22-2021 ===== After 30 days of more agonizing. OA doesn't seem to have anyone working smart to improve or to leverage from Viewranger's much superior and stable software. Many users were initially spoiled by the falsely uber elevation they were achieving, but when OA partially tweaked the GPS filtering, things crashed down to more reality for some. But this caused those users to lose trust and quit using the app. I am seeing the pattern repeatedly and this is not good for OA. I support just a drastic core replacement of OA to Viewranger. My previous comments below still stand to validity. Some ""supermen"" were already out while some came in, but will see how long they remain. I wish OA can improve but it's moving inches. I keep my Viewranger app running on all critical trackings. OA is just a backup. ===== 2-18-2021 ===== Well, people have spoken about the goods of Viewranger more than the lacks of OA. Here is my feedback on OA: Do not ever use OA(for now) if you are an avid hiker or anywhere needing to track elevation profile. OA has made it hard to have the mobile device acquire GPS signal. The on-the-hike elevation profile is beyond buggy - it is not trustworthy. Then post-activity numbers are based on guesses and estimates instead of best measurement. Just by looking at the ""mountaineering"" challenge where most people appear to be supermen by achieving impossible high elevation within relatively short amount of time and distance; or only little elevation from long amount of time and distance. Worst of it, most of the tracks are hidden. But from the ones that are shown, there are deep glitches and gaps in the elevation profile. And others have flat elevation or had real elevation simply being eliminated. I think OA is not in the beta testing mode, but alpha on both the mobile app and the desktop platform. GUI is very non-intuitive and typical users would likely develop carpal syndrome by over-clicking. Even looking for tool support is nearly impossible in direct email from the App. I reported numerous problems and suggestions but nothing was being done. The supermen in the mountaineering have achieve the highest elevation of 65K' in as few as one tracking! While most are flying up 5000' and down in less than 2hr or 4 miles. roundtrip. If these weren't enough, a new challenge of 164K' was newly created just to accumulate more bug tracks. What's the point? And why such a refined ""mountaineering"" when most people are not actually mountaineering? Do these people thought up of these activities and not being active themselves to know better? Anyways, that's beside the case. From day 1 of trying out OA, I strongly suggested that Viewranger tracking software must be used to replace OA. Viewranger is stable and reliable for sure. Either OA is ignoring people's feeback or just wanting a low rating. So here is, a 0.5 star for not taking any proactive approach to have a working app, even after merging with Viewranger. My low rating will remain unless some drastic change for the better is implemented. I haven't used any tracking app this hilarious since Alltrails was changing ownership and screwed up their initial release years ago, so bad that I stopped using it.",2021-12-31,3,4,569
app01-review011,com.eharmony,"There should be a option for zero stars!!! Please anyone thinking in joining this site then please read my issues with them and proceed with extreme caution. I requested my right to cancel membership which was made in error on Saturday 8th January 2022 and I notified you of my intention less than 24hrs later; Sun, 9 Jan 22 at 14:00. I had not even logged into the site or used any of the memberships feature within this 24hr window. I had been in contact many times over this time with no resolution to my problem. I had now been informed after 9 days that they were unable to honor any requests for a refund of the Value Compensation charge. I find this outcome disgusting in which they had took £71.52 of my money but they had took away access to premium features and all I got was this worthless email which they call a Personality Profile! Essentially I had been charged an extortionate amount for a email which is worthless to me and I have now means to even use it as they put me back on a basic account because I dared to request a refund within 24 hrs of it being made and not even been used then or since. How can any fair and non corrupt business deem this as a right practice for it's potential customers!!! Unfortunately for them I had retained the emails I received and they will be paying some money back, be it a ridiculously small amount compared to what I paid. Please read the email below that was sent to me Tue, 11 Jan at 14:45. So a week ago now and they have even failed to pay me £6.52 back which would not take a week to reach my bank so they simply did not process it. .eharmony Customer Care Email Tue, 11 Jan at 14:45(I have retain this email for evidence when needed) ""In regard to cancellations, when you signed up for Premium Membership, we delivered to your inbox an individually tailored Personality Profile. The report is provided without additional charge to our Premium Members, but Basic Members are charged £130 to purchase a copy. Because you now wish to cancel your Premium Membership, we have applied a half-price discount to the Personality Report and you will now be charged only £65. The calculation of the refund is as follows: Already paid by you: £71.52 Value compensation: £65.00 Reimbursement: £6.52 This may take up to 3 business days to reflect on your original method of payment. Your account has returned to the status of a free, Basic Membership. Should you have any further questions regarding this matter, please do not hesitate to contact us. Sincerely, Natasha S. eharmony Customer Care"" I don't know how incompetent this company can actually be but I expect the Reimbursement: £6.52 (which is a complete joke anyways) to be in my bank account by the end of the next 3 days. I have also already issued a official complaint to the Financial Ombudsman Service Company who have UK legal powers to put things right. Fair and honest people need to be warned of this company's extortionate practices and the worst customer help service I have ever encountered! The whole experience has been like speaking to a bunch of soulless robots reading off the same script (Natasha S, Shelly S, Yana L)",2022-01-17,2,3,567
app01-review012,com.pandora.android,"UPDATE 07 Dec 2021: **Changed from 4 stars to 2 stars** After over 10 years of Pandora, I have decided to cancel my subscription. While I love the service, too many issues have become egregious and/or ignored for an extended period of time. Basic management features have been ignored despite community complaints going back several years. Music continues to become unavailable, only available in radio mode, or censored - all seemingly at random. * Inability to manage playlists is unacceptable. It's not possible on the app, web interface, or desktop application. However, the ability to add a playlist to another playlist is available, so you can easily add a massive list of songs to another massive list... and if you do so accidentally, there is no way to reverse it other than remove EACH INDIVIDUAL SONG. How does this make sense? It's like the UI devs had a few good ideas and then phoned in developing the rest of the feature set. There is a thread complaining about this from 2019 and no feature to manage playlists has been added to date. Also unable to reorders songs easily without dragging through the entire list which is very burdensome on large playlists. * Inconsistent behavior - Adding a song to 'thumbs up' adds it to the bottom of the playlist, while thumbing up a song gets it added to the beginning of the 'thumbs up' playlist. This means the songs I've recently 'liked' are in completely opposite sides of my playlist if my method of 'liking' them differed, and if I want to move one from the bottom to the top I have to drag and drop it THROUGH THE ENTIRE PLAYLIST (which is only even an option from the desktop application) which takes a few minutes to move each song because it doesn't work smoothly for large lists (once again, no way to manage lists easily). * songs randomly becoming unavailable, radio mode, or censored - I have a LARGE number of songs on my 'thumbs up' playlist that were the original version and somehow turned into the censored version. It's something I've been complaining about to Pandora for almost the entire last decade and something they still have not fixed. They give some answer about rights changing around, but I think they have enough money to lock content for their users. I really don't care about the reason, it f***s up my experience and I'm done dealing with it. To make matters worse, a lot of the songs I really like randomly become 'radio mode only' so they only play if I'm listening to a radio stream. Not sure why I'm paying extra if the songs I really like won't play when I'm listening to a playlist. In a few cases a song simply says 'unavailble' and I can't play it on Pandora at all. Again, I'm not going to continue paying for a premium subscription for this type of experience. Looks like it's time to switch to Spotify. ORIGINAL REVIEW - 19 June 2017: Great service, but the app needs work. Constantly requires restart, often doesn't respond to headphone button input (play/pause). If they could get the app properly debugged it would get 5, but until it stops feeling like a beta release I give it 4.",2021-12-07,3,4,549
app01-review013,com.affinityapps.twozerofour,"Cons: First things first, the app is NOT free. You can download it, create your profile and even see other peoples' profiles but there is ZERO way to contact anyone without paying, and you have no way of seeing anything about the people that have liked your profile until you pay, all you know is the total number of people that liked your profile. This is how they get you to pay: You make a profile and think to yourself ""maybe if I get a few likes I will pay the $25 for a single month,"" and wouldn't you know it almost immediately you get multiple likes ( I got 13 likes in about 6 hours before I decided to pay up). Once you pay you quickly realize that what the app has done is show your profile to all the people that will ""like"" practically any profile that comes across their phone screen, no matter how far away they are. Of the 13 likes I got in the first few hours all of them but 1 were at least 100 miles away from me, one was 3000 miles away, and the one that was fairly close did not seem speak English based on what was in her profile. It has been a week now and I have gotten maybe 3 more likes since those first few hours (can't remember the exact number, but it was not very many). Obviously the app boosted my profile to get likes in order to entice me to pay, and since then there has been practically nothing. Besides the manipulation, there just aren't very many people using the app. I live in a metropolitan area of a million people, and we are part of the bible belt, there should be a bunch of Christian singles within 50 miles of me, and I'm sure they exist, they just aren't on this app. I had swiped left or right on every single profile within 50 miles within a few hours, there were probably somewhere between 100-150. Even if you have the settings to only show people within 60 miles it will still show people much farther away; the only people it is showing me now are 250 to 300 miles away. There is no reconsidering ""passes"" either, if you pass on a profile you can not go back later and reconsider, it is gone (you can ""rewind"" if you pass accidentally). Pros: Practically everyone on the app does seem to be a genuine Christian (at least the vast majority of the women are, sorry ladies don't know what the situation is with the guys), so the quality of people is higher than on other dating apps where you might have to wade through a bunch of bikini/butt shots to find someone that might be a good match. Don't get me wrong, I know this app can work, I know at least one couple that met on here, but you should know all the facts going in. Since I already paid for a month I'll keep checking the app from time to time, but at this point, because of the small number of people using the app, I'm not hopefully of even having a conversation with someone let alone going on a date.",2021-10-29,3,4,546
app01-review014,com.kingsgroup.sos,"Just run away unless you are sitting on a fortune you are comfortable spending to burn the rest of the folks that get lured in with the heavy 5 star ratings. If you look at the 5 stars, realize they're from people with day 1 feedback still in the honeymoon period. This game is more than just pay to play. Spending $100/week doesn't allow you to compete. You have to spend really heavy to compete in this game or you get run over. Then consider they do not let you move servers so after playing and spending heavy for several months your server (state) declines in population to the point there are maybe 100-200 people left playing. Do you quit after having spent enough to buy a car(s) or do you cling on with hopes they will merge servers? What's the benefit though since they will be merging dead servers with only titan players left that only burn the marginal spenders and f2p? Everything in this game is designed with increased money grabbing in mind. Add a new feature or event, it will not be something you can compete in unless you spend heavy. They continue raising the power caps which only benefit the mega spenders and make it impossible for the casual spender or F2P to survive in. And they continually add money grab updates without the simple one allowing players to migrate states so they can have fun with their investment. Christmas event that just went in minimally required $255/week for basic competition and that is in addition to all of the reocurring charges you have to keep up with which recycle every day or two pushing spending well above $700 if you want to stand any change of keeping up...not getting ahead, just to keep pace. The big spenders will blow north of $1000/week and still obliterate you. They also have new upgrades coming soon that will further the gap for heavy spenders and casual spenders/f2p. Why don't they merge servers? Well, each set of servers is almost an entirely different game since they don't push updates the same across servers. But you can compete against states with different perks/buffs so you get trounced in events if you're matched against an older server with more titans or a new server with more living players. So their very design continually thwarts them since they don't think anything through in terms of sustainability, just return on revenue. Is it fun? The theme has so much potential and they do great stories, but they get in their own way continually. So maybe fun for a short period of time, but once you get past the first few levels the pay players will advance ahead and burn the rest. That's why they start new servers every week since there is no competing with players that are a couple days ahead in spending. There are so many games that have figured out how to do things right. The dev's in this game should try those games out and bring the ideas back here. They tend to error on the side of ignorance in design or stability which is astounding for a game that has been around for as long as this one has.",2021-12-20,3,4,541
app01-review015,net.wargaming.wot.blitz,"Don't START playing this game, it’s a SCAM (and UNETHICAL)! There are so many problems with this game (and company; WarGaming Group Limited), that it is hard to know where to start, but here are just a few of the problems. You make hardly any credits playing this game, unless you purchase a premium account (and yes, this costs actual money). So, to progress in this game at a reasonable rate, this requires making credits after each battle. And if you don’t have a premium account, you will struggle to earn credits (and quite frequently, you will actually LOOSE credits). You can buy premium and collector tanks, which are often better than the “free” tech-tree tanks. And many of these tanks are superior to the tech-tree tanks. A few examples are the Smasher, Annihilator, Dracula, Type 98 ke-Ni Ostsu, AMX M4 mle. 54, and Chimera (to name just a FEW)! Additionally, to get many of these tanks, it often requires GAMBLING (you pay for a chance at getting these tanks, and are not even guaranteed you will receive one after paying for it). You have to spend a great deal of time to grind down a tech-tree line and finally get a tier 10 vehicle (the highest tier). Ironically, you are punished, instead of rewarded, because it is very difficult to make credits when playing in this tier (even with a premium account). Additionally, the company keeps releasing new tech-tree tank lines that are better than the existing lines, which negates all the time and work you put into getting your tier 10 tanks and forces you to grind up the newly released lines. They also do the same with premium and collector tanks; they release new tanks that are better than the previous releases, so the money you spent on the old premium and collector tanks is wasted because they become obsolete. When you join a game, the “match maker” (an algorithm) does not match players and tanks fairly, and so, many game outcomes are largely predetermined if you are going to win or lose. And your win rate (which is made to be very important in the community) you may have no control over. Also, getting into battles can take a ridiculously long time, and if you are playing ratings battles, it generally takes even longer (can take up to 10 minutes just to play a 5 minute battle). Finally, if you ever have a problem and need help from the company to get it resolved, they are very RUDE! They have the WORST customer service I have every experienced. A conventional company, behaving as they do, would be out of business by now by how poorly they treat their customers. I have been playing this game for over two years now, and I do not see it getting any better; and I regret ever playing it. I will soon be quitting this game, and I will not play it or any other games the WarGaming Group Limited produces. Do yourself a favor, and DO NOT play this game or any other game they produce!",2021-11-14,1,2,517
app01-review016,com.square_enix.android_googleplay.nierspww,"I don't recommend the game unless you are a die hard Nier fan who just wants more lore. Gameplay is too grindy. PVP is a dumpsterfire due to the recent changes. (If you are looking for Automata, Replicant or Drakengard characters. You already missed the first 2 banner. Drakengard with Zero is ending soon) The story, while excellent , are few and far in between. They are also really short. The mini events story? EVEN SHORTER! They are only a step above a Sunday comic strip. If you want to see ALL the main stories you are actually expected to have a strong solid team to JUST to finish chapter 12 of normal mode. (currently only 12 chapters are out) The difficulty scaling spikes hard between chapters, not newcomer friendly unless you whale for the good units or grind on side content for enhancement materials. While super strong EX characters exist, it's just not feasible to get those with just free characters and they are typically time gated by time limited materials/ultra rare drops. The game DOES provide you with enough gems to get at least 2 full pity gacha, IF you clear all the main and side content. Which is nice, if you actually know what the good units are. The battle mechanic is... different. Your character auto attacks regardless of your input. Your only ""choice"" is to decide when you activate their weapon/character/companion skills. Frankly I think it's just an unwieldy mess with how it's implemented. Auto battle games can work, but... you are only allowed to auto grind 10 battles. The gameplay is VERY grindy as mentioned by others. One of the things to grind for, the memoirs, are a pain to farm and to enhance them it's also layers and layers of RNG. RNG to get the good drop, RNG to get the good primary stats, RNG to get the good sub stats, RNG to successfully enhance the memoir (bigger chance of failing the higher you go), RNG to enhance the RIGHT substats. That's 5 freaking layers of RNG! And you want the good memoir sets in order to do well in PVP! PVP is sort of necessary because it allows you to consistently obtain very rare materials to build the OP weapon/character that you want each season. But the PVP aspect in season 3 changed for the worse. It used to be that even mid range players can comfortably farm points, now they merged brackets so top 500 are player characters. Usually that's not a problem, the problem is it's RNG (chance of chain attack) on top of RNG (chance of getting countered) on top of RNG (we don't know who attacks next)... Even skill proc is more RNG now according to some player statements. This is on top of already restrictive play styles that favor only 2 kinds of builds: agility or skill cooldown. So your choice is basically whatever variations between those 2 if you want to do well. If you enjoy theorycrafting or wacky builds for PVP, you won't have much to work with here.",2021-11-07,2,3,513
app01-review017,com.cbs.ott,"10/11/2021: More FAIL. They've added a completely useless ""What do you want to watch"" screen which sometimes shows up when you start the app, sometimes doesn't. And when it does, it's usually after I've already started navigating to what I want to watch, so it interrupts me. 03/04/2021: HUGE FAIL¶ In addition to all the other fails, the UI sucks. Bad. The 4-way (arrow) buttons will ONLY skip 10 seconds in either direction (tho you can hold down to skip many times). The FF/RW buttons will put you into ""skim"" mode, skimming forward/back at a much faster pace. That's all klunky-but-workable.¶ Of more import is the COMPLETE lack of having any sort of bookmarks, watch list, or even remembering where you were if you stop the show for a moment! That's right. Stop the movie half way thru by accident, and now you have to go find your place. I'm not talking about exiting the app here ANY stop loses your place. And ""pause"" apparently keeps the image on-screen forever - no screen saver functionality here. (I know, it's a minor point, but it shows these guys are amateurs at UI development). There is no watch list. There is no remembering that you've watched the first nine episodes so you just hit Play to pick up at #10. No. YOU have to scroll through the episodes and find where you left off!¶ One minor positive - You CAN turn off ""Automatically play next episode"" - it's in Settings/AutoPlay.¶ Oh, and before I forget, when the app launches, you cannot just hit LEFT to get into your menu. No, that will just scroll the banner. You have to hit DOWN first, then you can go left. LAME!¶ 03/04/2021: LIARS! Ad-Free is packed with ads! (This update after about an hour of watching and sitting through a half-dozen or so commercials).¶ 03/04/2021: WORST 1ST EXPERIENCE EVER!¶ I just signed up and VERY SPECIFICALLY chose the ""No Commercials"" option.¶ So I install the app, sign on, pick a show, and the VERY FIRST thing I get hit in the face with a commercial.¶ So I go to the website to see if I can get it fixed. Find help, see the chat button, click. Wait. Click. Wait. Nothing. Repeat many times. Nothing.¶ So I click the Email button. Fill out the form. Do the Captcha. Click send. Nothing. Click send again. Nothing. Repeat many times. Start over, retyping everything again, same result. Change browser and do it all again. Same result.¶ Now I'm pissed and I uninstall.¶ Suddenly I get a ding on my phone. Y'all just charged me $10.85. What happened to that ""Free Week, cancel before Mar 10 to avoid payment"" promise you made? I guess it's about as solid as everything else I've seen so far.¶ BIGGEST MESS I EVER SAW.¶ Now I'm a reasonable guy. I'll wait a bit and see if you fix this. If not, then I'll tell my bank NOT to honor the payment and mark you as frauders. Can I give a negative stars review?",2021-10-11,2,3,510
app01-review018,gov.wa.doh.exposurenotifications,"I've made the regrettable decision to deprioritize notifications from this app. I love the idea and intentions! There's just not enough diagnostic information included to make an informed decision. I understand the desire to protect people's privacy, but I believe this app has gone too far in that direction. The default settings seem to be to lower false negatives, whereas I want something that lowers false positives. I'll leave the app installed in case I ever get covid so that other people can be notified. I would be happy to reconsider once my concerns are addressed. (Also, I would much rather communicate these concerns directly to the developers, but the only mechanism I can find for feedback is this public review.) Why? First off, there's the fact that the app only tells you how many days ago you were exposed. I can't find out anywhere whether this counter starts at day 0 or day 1. So, that's 24 hours of ambiguity right there. Then, I don't know how much time is being added or removed from the actual time in order to maintain people's privacy. The end result is that I get a rather large time range where I might have been doing a lot of different activities with varying risk profiles. It's too restrictive for me to assume the riskiest activity was the cause of the notification. Second, I couldn't find any way for me to test what the app thinks is 6 feet with my particular phone. My understanding is that's going to be different with each phone. I've been getting notifications that people around me haven't been getting. That's led to unnecessary suspicion. My phone just might be more sensitive, but I have no way of knowing or showing that. The final straw came from my second notification. After the first notification, I played it really safe, isolating completely for 9 days after exposure except to go get tested. I tested negative. Then, a few days later, I got a second notification whose time window overlapped with my isolation period. That led me to think the most likely candidate for this new exposure was when I went to get tested. If so, then I could easily be caught in a loop. By directing me to testing facilities, this app puts me around people far more likely to have covid than what I typically face on a daily basis. Besides making it more likely that I get another notification from that testing itself, this app also seems to be increasing the chance that I get covid in the first place. This negative feedback loop seems at odds with the app's intentions. All things considered, I believe this app is not right for my particular lifestyle. I'm already strictly following standard safety procedures of social distancing, masking up, vaccination, avoiding risky situations, taking calculated risks when necessary, etc. The default advice and settings seem to be increasing my risk and thereby the risk to the people around me. Other people, with different lifestyles, may come to a different conclusion.",2022-01-24,3,4,510
app01-review019,com.planetfitness,"This would be a decent app, but just from trying it out a little bit, there's a major problem that I can see if you want to use the free workouts and activity tracker. There is no way to preview the workouts. If you use, for example, a YouTube workout video instead, you can click ahead to any point in the video and get a glimpse of everything the workout involves. With the Planet Fitness workouts, if you click on any workout to open it up, it will automatically start you on the workout. No skipping ahead to see what it has (although on the side it has a view that shows you what the next couple of exercises are, but you cannot preview the whole thing). The app assumes you are doing the workout while it's playing, so whenever you exit the workout, it adds it to your activity tracker, and I can find no way to delete that automatically-added workout from your activity tracker. So if you're trying to track your workouts and calories, looking at any workout videos will mess that all up. They don't seem to understand some people may want to see what a workout video contains before they choose a workout to do. They need to add an option to preview and skip through the workout like a regular video, and it should definitely ask after going through a workout if you want to add it to your activity tracker, not just add it automatically with no way to remove it. On another topic, I think it's wrong for Planet Fitness to require you to have the app. I always had a key tag that I used to check in with at the gym, but when mine broke and can't go on my keychain anymore, I was told they aren't doing key tags anymore because of the pandemic, and you can only check in with the app. That doesn't make sense. A key tag doesn't hurt anyone because, just like the app, the member just holds it up to be scanned to check in. The member does not hand the key tag to the employee to check them in. It's also really annoying when companies assume you want to take up space on your phone with their damn app. There are way too many apps out there for us as people to be able to add apps to our phone for everything; therefore, apps should be optional, not a requirement in order to use a service. It also seems a bit discriminatory because not everyone who belongs to a $10-a-month gym is going to even own a smartphone or own one that has enough space to keep adding apps. I thought I would check out the workouts to see if I might actually get some use out of the app since I was forced to get it, but nope, it's totally illogical how it works for reasons I stated earlier. Does not inspire me to use it.",2022-01-09,3,4,503
app01-review020,com.sling,"(12/4/2021 update) No change in the review. Still merits one star. Of all the things noted below, only one has been fixed. Transport controls now work correctly. None of the other issues listed below have been addressed yet, after 4 months. Program Guide is still unnecessarily colossal, it forgets your preferred view category (Favorites, Sports) half of the time still, resume from pause on DVR applies a dark lightbox effect for 10 seconds (about 7 seconds longer than needed), and trying to watch a show that you set to DVR before the recording is complete still sends you STRAIGHT TO LIVE instead of starting from the beginning, or even giving you options to choose from. The channel up/down buttons on TVs still no longer work to move channels up and down. This is still an unacceptably poor experience that has yet to be fixed in most respects, particularly in light of the predictable increase in monthly subscription rates. And there is a new issue today: cannot pause live TV even when you can fast forward and rewind the same channel. (Original review from 8/2021 follows: please note the resemblance to the update above) Summary: An unmitigated UI/UX nightmare. All changes made in the latest version (version 9?) were unwarranted and unwelcome. Not only that, my Android TV transport controls no longer work as they should. Normal experience is: FF to fast forward, Play to resume from where you fast forwarded to. ""New"" experience is: FF to fast forward, double click Pause to resume (hitting Play takes you back to where you started fast forwarding from). The DVR is harder to manage now. No one needs a trash can to also empty on a DVR. You cannot directly stop recording and delete a program that is being recorded. A program being recorded on DVR that you want to view no longer gives you the menu option to play from start or play live in progress from menu. Instead, you now have to hit OK to play, which throws you to the live position, then hold down the REW button a long while to set it back to the beginning. This wonderful new ""feature"" showed me the result of a Premier League game I had recorded to watch, all for the sake of Sling's assumptions of how to streamline their app's default behaviors for the better. How about leaving various use cases supported instead of supporting only one? In my case, the absolutely wrong one. The previous version was not perfect, but at least the basics worked without issue. The new menu system is also poorer, and the programming guide is a mess and much larger boxes and graphics than anyone needs.Additionally, Channel Up/Down keys no longer function to move the channels up/down. Channel Up just shows a summary of what you are watching. If I could just revert to the previous one, I would. This is not an upgrade or improvement in any way whatsoever. Instead, it ruins the experience.",2021-12-04,3,4,499
app02-review001,com.ants360.yicamera.international,"(12/05/2021) Same ol' review. Paying for Cloud is useless. Still can't view downloaded videos from Cloud or SD card. What's going on Kami/Yi? Viewing cameras with WIFI is iffy at best. My WIFI is excellent, but the cameras keep dropping to zero constantly. Also, YI/KAMI fix the list scrolling. I have 9 of these cameras, it's a pain to have it jump to the top every time you want to view another camera from the list. When trying to view a camera, you have to back out and back in before it will load. I've been using these products for 4 years. I know what they CAN do and with recent updates, this is NOT it. -----------(11/15/2021) Paying for Cloud is useless. Still can't view downloaded videos. What's going on Kami/Yi? Viewing cameras with WIFI is iffy at best. My WIFI is excellent, but the cameras keep dropping to zero constantly.----------(10/29/21) Still can't view downloaded videos. What's going on Kami/Yi? Viewing cameras with WIFI is iffy at best. My WIFI is excellent, but the cameras keep dropping to zero constantly.----------(10/09/21) Still can't view downloaded videos. What's going on Kami/Yi? Viewing cameras with WIFI is iffy at best. My WIFI is excellent, but the cameras keep dropping to zero constantly. ---------(10/05/21) Still can't view downloaded videos. App continues to crash. Always trouble finding network. My network is excellent. ------------(09/28/21) All features seem to be back, except viewing my downloaded videos. Thanks Yi for listening. I'll keep this review as is for future purchasers. Raising to 4 stars, because I do like the cameras. Also, the pause icon shouldn't be visible in the middle of the screen. --------------------------------------------------------------------(09/26/21) Yi listened and seems most of the features are back. I still can't access my videos, app still crashes. Why can't I grab my videos from my SD card and store them on my own device. I don't need to store SD video to the cloud, that's ridiculous. -------------------------------------------------------------------------------------------Yi WAS a good camera and app to have. Now they bricked it so much, you can't even access your video from the SD card. Their subscription service isn't much better. WIFI is on and off, and I have EXCELLENT WIFI. The UI 'improvement' of this latest update (9/13/21) is horrible. Right, now, with my cloud subscription, I can't even see my videos, the app continues to crash. Can't even figure out how to download videos from the cloud anymore. THIS IS NOT GOOD. (09/18/21) ----------------------------------------------------------------------------- Most people are saying they can't see in landscape mode. If you tap the screen, there is an arrow where the speaker icon is at the bottom right. That takes you into landscape mode, BUT you can't scroll through the video. You can do better YI. I've changed my grade on Amazon --to 1 star. -------------------------------(09/24/21) Lost all of my downloaded videos. App still crashes while trying to view downloaded videos. I see the record and picture buttons, but recordings are still not showing up. UI is HORRIBLE.",2021-12-05,2,3,498
app02-review002,com.reliancegames.wwemayhem,"I would like to report how the recent update to the game WWE Mayhem have made the game buggier and laggier than usual. As of this writing, I am stuck for more than an hour at the loading screen with the message ""Please wait, the game is verifying if you have the required additional assets"". I was able to play before this happened and after I have updated the game. Some of the concerns that I noted in the updated game before I got stuck were: - During smash attacks, my opponents seem to slip off-screen, then returning to their original position in the next attempt to smash - At the start of the match, both player and opponent seem to be invisible for a few seconds but can deal and receive damage - During one performance center match, one of the requirement for the match is a one-star superstar in OVERDRIVE. How can a one-star superstar be in an overdrive status? - At the start of the match, the player character is positioned nearer to the right side of the screen than usual. In older builds, this would mean that the player character won't be able to deal normal swipe damage unless the character tags out, uses a special/signature move, or if the opponent performs a charge, smash, signature or special move, or tags out - In some cases, the graphics quality is adjusted without notice. My graphics option is usually placed at medium quality, 70 resolution, with powersaver in on. At the start of some matches, the quality reverts to high quality and powersaver off. After the match, the quality then goes back to my original setup. An older complaint even from older builds: - the AI opponents are able to perform reversals when they are buffed with vigilance even if they do not have any energy left yet players are not able to do this when energy is depleted. As I close this, I am still stuck at the loading screen. I have already cleared some space from my phone and cleared the cache of the game but still experience this. The last time I was not able to log in the game because I am unable to get into the game, I missed the daily rewards that caused me to miss the more important rewards in the latter part of the month and the following month. I have already emailed support and received a ticket but will be awaiting their response. I will edit this review as my situation develops, so 1 star again for now. Also a suggestion: is it not possible to be able to choose which item boxes to open? For example, I want to open 10 (or more) boxes of alliance loot but i dont want to do it one by one or have other boxes opened. Update: I was able to log in back to the game after restarting my device. So back to 2 stars for now.",2021-10-19,4,5,497
app02-review003,co.thefabulous.app,"I preface this review for those of you who already are good with goals and are looking for an app for to-do lists and reminders that are slick and swanky and something fun. I have in the past used ""Habitica,"" which is gamification of to-do lists, but basically, I already was a high wizard with all the pets and things, so I wanted to use something new. If you are like that, here is my take. Please note that this is me, and my opinion is subjective. I wanted something I could use that would help me keep track of tasks. My friend, who isn't, said this app had the best to-do lists and reminders and was fun. So, I thought, what the heck, let's try! You get reminders, and they are colorful, animated, and poetic. You also get mantras, and chapters, and so much fluff. I'm not sure I needed the fluff or wanted that part, but hey, it's there. I mastered the first few things in a matter of days because I'm good at that. I do that already. Most of the app is for personal care, self-care, and health. Little of it is for ambitious things, or housework subroutines, etc. Additionally, you cannot build weekly sub-routines nor build monthly or quarterly routines. But a small thing such as putting in a reminder every month to six weeks that include changing your air filters, checking your water filters, and replacing the baking soda in the fridge, well that is impossible. The coaching was not something I needed or looked at, nor was any motivation stuff; I only came for lists. I also had no interaction with extras. What finally got me to uninstall and prompted this review was this scenario I had two days in a row where life had an emergency that overlapped the daily routine I usually did. Later in the day, both days, the routine was done, just not logged when it usually was set for. So the third day, I logged in, and I got 10 minutes lecture routine I could not get rid of. It told me that I was failing my goals and addressing ""The elephant in the room."" When I tried to get out of this subroutine, it'd show back up repeatedly overlapping my lists. This routine even had a different voice; this was a man telling me I was in the wrong, not the normal friendly lady voice it'd been using. I'm not 6, and I don't need a man voice I've never interacted with, only showing up to tell me I'm failing. I know when I'm being ""mom-splained"" or ""man-splained,"" and I don't like it any more than anyone does. Especially when I wasn't failing, I just didn't hit buttons in the order of the time they wanted me to. I canceled it, and I'm not going to go back.",2022-01-10,0,1,481
app02-review004,com.sygic.aura,"I agree with ""Alexander Mittelstorb"". I have paid for the advanced features, and it is running on an Android head unit in my car. I sometimes use it for Navigation, but the most important thing it does is to give me Speed Warnings. Well, it used to, but the latest update broke this completely. In this country you get booked for speeding a few km/h over the limit. so I had the ""Overspeed Threshold set to *ZERO*. After the ""update"" there's no adjustment any more, and at 50 km/h it only warns 10 km/h higher at 60 km/h. That's a 20% threshold! I don't dare go fast enough at 100 km/h to see when it triggers, but I suspect it might be 115 km/h. That's a $330 fine here, as is 10k over. Maybe that's when you get booked in Slovakia (and the USA?), but the rest of the world is different. Sygic is now completely useless for me and has turned my head unit into a very expensive radio. As well, all of the customisable warnings have disappeared to be replaced by discordant beeps. It used to say ""Over the speed limit"", but now goes ""Beep! Beep!"". How is that an improvement? The Graphics lacked colours and the 3D buildings after the update. It looked terrible. They returned after a manual map update. But the coastline is atrocious. The ""ocean"" is over 10km from the land, so bayside streets end in the middle of nowhere. It doesn't know when sunset is now. I'm sure that used to work. It now gets both Sunrise and Sunset late by about 15 minutes. So I'm blinded by the ""daylight mode"" for 15 minutes every night now. I'm at 145E (Melbourne, Australia), but it seems to be calculating for 140E. How can it get that wrong? It also crashes on start every now and then now (didn't used to). It also locks up on startup saying ""Internet connection needed"". The whole point is this is meant to run in a car without that. ... I've just heard back from Sygic. Apparently ""This version is now using a completely new, modern programming core which will open more possibilities for the future."" So it is a rewrite, and has left a lot out. Please fix all this ASAP or give me the old version. No, just give me the old working version. Update: October 2021. After 6 months, the latest version has restored adjustable speed limits and settable alert sounds. It still gets Subset wrong. Official Sunset here in Melbourne was 7:43pm. It finally switched to the Dark Mode at 8:13pm. That's 30 minutes late, and appropriate for Adelaide, which is 700km west. It changed at ""Nautical Twilight"" (look that up) instead of ""Civil Twilight"". Not a problem for a phone, but I run this in the centre console in a car. It's blinding!",2021-10-21,3,4,479
app02-review005,com.gameduchy.jdzd.en,"This is a review and a rant. If you don't like long reads then skip. As you can see I gave this 1 star so that pretty much tells you what I think of this game. Here we go. This is yet another gatcha game made by greedy and stingy developers. Don't let the newbie rewards fool you. First off I want to say that I believe that the developers set these games up in a way to where new players rng rates are higher than usual up until how ever long they set the Daily Log in for, Which is usually 7-30 Days. This method is to trick you into thinking that you finally found a gatcha game with good rng pull rates. The goal is to make you spend money. The odds of someone making in app purchases will be higher if they believe the game is fair in it's drop rates. It's all bs. If you pay attention to the pattern you will see what I mean about the rng manipulation. After you have completed the required sign in days that they set you will see a big difference in your rng rates compared to what they were when you first started. Ironicly it seems to happen after about a month or so. Coincidence? I don't think so. These developer's are able to keep track of each account. They know when you log in, they know how many gatcha pulls you do and what you got. I know this because I had a situation with another game that required Customer Support to check my account. They told me exactly what time I pulled, how many times I pulled and what I pulled. So they do monitor our patterns. Think of it this way, if they are able to have chance up events or focus events that require them to up the rng odds from the regular rate for specific banners , then who is to say that they don't employ those same exact tactics to lower the odds? It's not like we can check to see if they are being honest about the rng rates so we have to take their word for it. One last piece of advice DO NOT buy any of the Pilot recruit tickets they sell. I got one for $0.99 so that I could pull another pilot, I got parsley instead. The ticket I purchased clearly said 1 Pilot gatcha pull. Instead I got a nice message that said ""Congratulations You Got Parsley"" I swear I wanna have words with these sarcastic imbeciles that come up with these non humerous shenanigans and think it's funny. I know it's only a dollar but it's not about that. It's the principle of the matter and the misrepresentation that ticks me off. Play at your own risk...",2022-01-09,4,5,472
app02-review006,com.apple.movetoios,"Move to iOS does not work. I nearly returned my iPhone due to my horrible experience. Apple needs to fix this, because it seriously prohibits users switching from Android to iOS. If Apple wants to grow its user base, it should dedicate talented resources to make Move to iOS the best, most seamless user experience ever. It also really hurts Apple's time-honored reputation of ""it just works"". It doesn't matter whose ""fault"" the problems are - it is Apple's responsibility to fix it. People buy Android if they want cheap, or if they want to fiddle with ""open source"". People buy iPhone if they want a reliable, invisible user experience free of gimmicks that just works. My observations while transferring from Google Pixel 5 running Android 12 to iPhone 13 mini. 1. I got the dreaded ""stuck on preparing screen"" error. To fix this, I followed Reddit instructions for properly connecting to the temporary wifi network. 2. The transfer did not work, so I retried and unchecked ""Messages"" from the transfer options. This time the transfer worked, transferring everything(?) but my messages. The transfer took about 25 min. This is with ~60 GB storage used on my Pixel 5. Messages were only about 2 GB of that. 3. I reset the iPhone to factory conditions to give it another try. 4. This time, the Move to iOS app threw a ""Error during transfer"" error after about 20-30 minutes. 5. I reinstalled the app and tried again a few times. Same error. 6. I gave up and bought a full license of Wondershare. This cost me about $45 after tax. 7. I was unable to get Wondershare to connect to my iPhone. 8. To fix the iPhone connection error, I had to disconnect everything, connect the iPhone, launch Wondershare, then connect the Pixel 5. 9. I transferred my phone data over successfully. I also transferred my Whatsapp data successfully in a separate transfer operation. 10. HOWEVER, only the photos in the ""Camera"" folder on the Pixel transferred. In other words, anything in other albums or folders within Google Photos did not transfer. Thankfully, the transfer does not delete photos in Google Photos, so you are still able to access your old photos through Google Photos via web browser. SUBOPTIMAL. 11. Note - iPhone cannot sync with Google Photos. There is a ""sync favorites"", but it's pretty half assed for a syncing solution. 11. At this point, after several hours of researching and trying different things, I gave up decided that I was just going to live with having my photos in 2 places. ABOUT ME: I am a long-time iPhone user and closet Apple nerd. I am computer-savvy in both Mac and Windows worlds. I know my way around both Android (Google Pixel 5 / Android 12) and iPhone.",2021-12-13,3,4,468
app02-review007,com.microsoft.teams,"Background: My business has been using Teams as a daily driver for file collaboration, multimedia meetings, instant messenger and also as a phone system. We pretty much use every features of this application. We use the windows client and also the android client. We have been using since it's been out. Most people do not use Teams as a complete corporate phone system. Most of my issues are related to the phone system and using the android client. Issues about the android client: 1-Answering a call with a Teams Certified headset, the audio goes through the phone instead of the headset. It doesn't really matter if the device is UC or Teams certified. Tried two different android phones and about 5 different headsets. The apps does it with all of them. 2- Same issue if you get an incoming cell call while in a Teams meeting. Sounds and mic goes through the phone and completely ignores the BT device. Even if you decline the incoming cell call, you are still screwed. This may sound trivial, but imagine your attending a Teams meeting while driving your car. If you get an inbound cell call, the audio goes to the cell phone and you lose your ability to hear or speak in the meeting. Unless you want to stop on the side of the road to toggle your BT device back on with the small speaker icon at the bottom of the app. The android OS itself doesn't lose the BT connection, the app is simply acting up. 3-Delay(3-4 seconds) between answering a call and getting audio. 4- Latencies while in a call. Very annoying because you end up speaking on top of each other. 5- General bad call quality. I find myself rather surprised every time I get a good quality call. It happens once in a while. 6- You get a notification for an instant message and you can actually read part of that message in the notification zone but the actual message doesn't show up in the app. Sometimes have to wait 10-15 minutes before I can actually see it. 7- Ghost calls, you hear the incoming ring but can't pickup because the apps doesn't show the incoming call. 8- The apps doesn't really hang up when you press the hang up button at the end of a call. It does close the UI box but the sound channels remains opened and the other party can still hear until they hang up. The only way to really hang at the end of a call is to actually log out of the app or clear all resident apps from memory. Baseline, as a collaboration tool, it's good. As a phone system, you're better off with the windows client. Use the android client only if you absolutely must.",2021-12-17,4,5,467
app02-review008,com.google.android.apps.dynamite,"THIS IS STILL NOT A HANGOUTS REPLACEMENT! To start I don't know why you would completely abandon hangouts to build a new app from the ground up instead of just cleaning up hangouts. The only thing I can think of is that the original devs for hangouts left the company and you are having a hard time interpreting the code. Regardless I am considering rolling back to hangouts and here are my top gripes: 1) In group chats (spaces) I can't see who has received/viewed my messages. Knowing that my messages have gone through is kind of important especially when trying to be productive. It is also really good to know who is actively viewing the thread incase I want to pass on additional information pertinent to them directly. This has me constantly resorting to DM's or texts and at that point why am I even using this? This is the biggest reason for me rolling back to hangouts. 2) While the UI is cleaner in some aspects a lot of us miss the chat bubbles. Not everything needs to be a Discord or Slack clone. I also use Discord frequently and while the app has its uses sometimes I wish I wasn't staring at a wall of text (like this review). I really wish there was a ""classic mode"" that did this. In fact the best of both worlds would be that when you (or someone) sent consecutive messages instead of a bunch of sperate bubbles the app would group them together into one bubble. 3) Hangouts supported the use of a url to invite others to your groups as does Discord and other apps... Yet this functionality is seemingly gone now, or I cant find it and while I'm sure I could invite people by typing in their email sometimes its just easier to paste a link and have people click it to join. 4) My last gripe is that I cannot set different notifications for different threads on mobile. I don't think a lot of people used this but those of us that did loved it. Frankly some threads are higher priority so being able to differentiate between them instantly was great. We have work groups and personal groups (unless you don't want us using this app for personal groups in which case I guess we could use Discord) and now I cant tell the difference from a work related post or someone posting a picture of their breakfast... This functionality is no longer in Hangouts now so that's not cool. Hangouts wasn't perfect and it is beginning to look dated but it also wasn't a bad app. If Chat did literally everything hangouts did and MORE I wouldn't be here complaining but it simply doesn't.",2022-01-11,4,5,459
app02-review009,com.global.ztmslg,"Hopefully I can save someone, I spent 24,380 USD in 60 days, just to have to walk away. Game constantly glitches, freezes. I have never seen a game freeze up like this since 2005. Company knows and doesnt respond to 1000s of complaints on this. 2nd issue, takes many 1000s or many months to make t11s, hq 35. I sent in a video of my team stacked up to 1.8 million units losing nearly 1 for 1 to a 240k t1s. Player attacking has lower stats than I do. Even Moderators said it wasnt possible to lose 8%; sent in video to company, they promised an answer, but guess what; I got none. Promised compensation for days, for some reason its always an issue when its time to get it, guess what, it didnt come though, they still working on it days later. Lets discuss the time out issues, and little errors when you recharge; noticed it said purchase failed, I didnt get anything. Normally I think ok, and keep going, this time I stopped and went to google play to see it was charged, and my bank was to. I wrote company, emailed company, days later they stated they didnt get the funds. I let google play know, they refused to refund said they sent funds to company; so at least 10 hours over a week writing emails, sending screenshots, documenting everything for a 19.99 charge; total loss of life over their mistake. Then lets talk about what your money really gets. As you approach the higher levels, the main offset is hero weapons. Cant buy them, got to take a chance on a chance. In other words, you cant just buy the box you want to try for, you have a random chance to get box you need to get weapon you need. The ones you can control, like the mall, I only had to spend around 2000 over 2 weeks in that one area of the game to get, guess what 6 of those boxes got me, why all purple, lowest possible. So after about 23 boxes, 0 epics usable, I notice another player running with 3; so hey my account is worth nothing after all the insult and injuries already suffered. No matter what, even if you sell your house, chances are someone else with considerably less money gets pot luck with weapons that will destroy you anyway. I have held governor since first term, I have to walk away, you can not fight this, no amount of money can fix it, its up to luck. Please take time to go their forums and see the peoples complaints, nothing gets fixed, and we are ignored as they take our money for a defective product.",2021-10-27,2,3,458
app02-review010,com.limeturtle.nexomon,"It's a pretty poor Pokémon clone. Very little distinguishes the various 'mon from each other. There are only 7 types, one of which is neutral to everything and the other have exactly two strengths and two weaknesses, all symmetrical (if you deal more damage to Mineral, you take less damage from Mineral). Nexomon have only one type each. Status moves are largely worthless, as most of them are the same and they only make your opponent miss one turn if they succeed. They're only good as rider effects on other attacks. Stat raising/lowering hardly does anything. The strength of a 'mon is determined entirely by its rarity. ""Special"" rarity (i.e. the starters) is the second-best, and you can catch them in the wild, so unless you're ""lucky"" enough to find a Legendary, you'll probably end the game with a full party of starters. There are different moves, but they hardly matter, with one exception (to cheese the final boss, which is a seriously terrible fight otherwise). There are only two types of ""Nexotraps,"" and the one with 100% catch rate costs premium currency. The other one has a terrible catch rate, and the game never tells you how to improve it. I was weakening 'mon and using status moves on them, but I have no idea whether that actually helped. Catching Legendaries is awful; they just appear randomly in the wild, no story or anything, and they seem to have about a 2% catch rate. I found one and it took me about 50 traps to catch it. Speaking of missing information, the game tells you very little about the moves. They have varying damage and accuracy, but the game doesn't tell you what they are. Some inflict status effects, but you can't tell without actually trying them whether they also deal damage and what the status success rate is. And you better memorize what all your moves do, because you can't check in combat. You also can't check the moves of 'mon in storage, you have to put them in your party. Difficulty is very low. You get a lot of healing items and a lot of money, so you can always come back. Enemies always choose moves at random, even bosses, so you can beat them by using any strategy at all. The exception is the final boss, which also uses no strategy but one-shots you unless it hits you with an element you're strong against. It's not easy but also doesn't so much require strategic play as luck, patience, cheese, and a whole ton of Max Revives. On the plus side, the plot is okay. Nothing earth-shattering, but on par with most Pokémon games. Overall I find this game very hard to recommend.",2021-11-26,3,4,456
app02-review011,com.espn.score_center,"About the only good thing to say about this app is that it's cheaper this year to watch NHL games this year than last year's NHL+ subscription. Otherwise this ESPN app should be renamed to ""ERROR RETRIEVING CONTENT"", because that's what comes up every time there's a commercial break during the hockey game. I have to quit and restart the stream, repeatedly, until the commercial break is over. When it actually works the ESPN app is slow, and manages to get pretty much everything wrong that could be gotten wrong, as far as its user interface. I specified which hockey team I follow. Is it too much to expect the app to feature tonight's game up and front, and make it easy to stream the team's telecast in one click? Of course not. That will be too much sense. But all this seems to do is put up some random bit of team-related news, tucked away in some corner. The home page still shows some random sports event, first, that nobody cares about. Ok, let's say I must make a bunch clicks to pull up a list of all currently live streams: and it's a few minutes before gametime. Maybe, just maybe, I could watch the end of the pre-game show? Nope. The stream becomes accessible at precisely on the o'clock and not a second earlier. If I click on the stream even a second earlier, I get scolded and reminded of the game's starting time. Ok, I have to sit and wait, and count off the seconds, and try again, right? Nope. I have to figure out how to refresh the page, so I can finally get the stream (unless it's in a commercial break), otherwise I still get the same ""yo, fella, your game starts a minute ago"" popup. And after all that, adding insult to injury: it's a random spin of the wheel whether I get my team's or the opposing team's stream by default. Drawing the short straw means a few more clicks to switch streams. Really, this is amateur hour. And when the stream starts it tends to glitch for a little while, before things settle down. Last year NHL+'s authorized Kodi app gave me perfect, glitch-free streams, 100% of the time, on the same Android TV device where this native ESPN app struggles to get in gear. It does, after a while, but it's still noticably slower and lagging compared to NHL+'s. Last year NHL+ had nearly every one of my team's games. This year there are noticable gaps. With ten games into the season ESPN+ did not carry two of them. Fail. But, it's cheap, so I guess I get what I'm paying for.",2021-12-17,3,4,451
app02-review012,com.gamesture.questland,"NOTE: Critique en français, followed by an English review at the end. Apologies for the length, Google Play doesn't seem to honor line breaks. *FRENCH*: j'ai passé un an et demi sur ce jeu, dont plus d'un an à désespérer en attendant l'ajout de nouveau contenu de campagne ou quoi que ce soit de différent de l'habitude... Mais Gamesture n'a travaillé que deux choses : les boss du weekend, et les nouveaux équipements qu'ils tentent de vous faire acheter par tous les moyens, sans qu'ils n'apportent grand-chose à la puissance du personnage. De toute façon, ce n'est pas bien compliqué : si vous voulez monter dans les leaderboards il faut d'abord choisir un serveur dépeuplé (Veterans ou Asia uniquement), puis passer plusieurs heures par jour à entretenir un compte principal ainsi qu'au moins un compte associé qui vous apportera des gemmes. Parce que sans gemmes, pas de répit dans le jeu. Quand bien même, il vous mangera des dizaines de milliers de gemmes, voire des centaines, si vous voulez être compétitif - sur un serveur déserté ! Pour ma part, j'ai atteint la première place après un an d'efforts, puis j'ai laissé tomber le jeu parce qu'il n'y avait rien d'autre à faire, et que les quelques changements occasionnels ne sont là que pour rendre le jeu encore plus invivable pour les joueurs F2P. Seule qualité rédemptrice, à mes yeux : la musique du jeu, qui est magnifique. Mais en gros c'est juste un morceau de deux minutes qui tourne en boucle, et qui ressemble beaucoup à une musique de Star Wars. Ah, et puis la communauté bien sûr... Les gens dans le jeu sont souvent adorables. Faites-leur plaisir, incitez-les à changer de jeu. Je ne sais pas si c'est le syndrome de Stockholm, ou la peur du coût irrécupérable (sunk cost fallacy), mais ils font parfois peine à voir. *ENGLISH*: this game sucks. Don't let yourself get sucked into it, or at least join a deserted server like Vets or Asia, maybe you won't have to sink too much money into it. Otherwise, be prepared to pay forever with absolutely zero payoff. If you really want to experience the game, enjoy the music and try to finish the campaign in easy mode, then maybe in hard mode if you're nostalgic about it. Then call it quits, because the endgame is a massive weekly running gag. If you're into constant disappointment, then by all means try it. Because yes, the team keeps promising tons of incoming content, and yet it never sees the light of day, because they basically have 40 'marketing directors' and just one developer, widely suspected to be a duck, doing more quacking than hacking.",2021-11-22,0,1,448
app02-review013,com.google.android.apps.books,"I love the books and the interface. The customer service is horrible. Their return policy which is cleverly worded so it looks like they do returns but it actually gives them the freedom to deny whatever they see fit. I purchased some books understanding that their return policy includes returns within 48 hours. (Hint: It's not.) I felt that the policy was too generous, but because of it I did not feel any issue using the books for what I needed at the time to write a short paper. Couple hours, then return. Later, for another class, I purchased the wrong book. I realized my mistake and asked for a refund within minutes. They told me I couldn't return it. I asked to call but they said something about covid bla bla bla no. I was frustrated but didn't pursue it. The same thing occurred later. I purchased a book so I could use the google read aloud service. The book I purchased did not have the service. Don't make assumptions. Read the fine print. As soon as I realized the read aloud didn't work, I asked for the return. I was again denied. It seemed like I've been placed on some kind of flagged list for ""abusing the return policy."" I explicitly asked if this was the case but the customer service rep kept dodging the question. I asked if they had a list of flagged person. He wouldn't answer that question either. I talked with customer serivce for an hour or so to no avail. They claimed they couldn't do anything. I acknowledged my previous ""abuse"" and explained the situation in frank detail why I had purchased and returned their books previously. I even quoted their return policy which is cleverly worded so it looks like they do returns but it actually gives them the freedom to deny whatever they see fit. I offered to purchase the books I'd previously bought and returned under their veiled return policy( $70ish dollar value). I'd then return the book I actually don't need at all. Answer was no. In sum, I don't appreciate being treated like a liar, thief or immoral person when I follow the common sense understanding of the policy of the company. I was surprised when I read their return policy. It seemed way too generous. I used it to my advantage. Now my google account has some kind of flag for ""abusing the system."" Am I still using the app? Yes. I hope I never have to interact with their customer service again. If there is a lawsuit over their (in my mind) deceptive customer service policy, count me in.",2021-10-16,4,5,443
app02-review014,com.outdooractive.Outdooractive,"Edit 3/10/21: Persevered with this over the Wolds Way walk. Auto-reset at midnight so don't bother attempting for multi-day walks - better planning each day as a route. Also struggling to sync between the app on the phone and the login on the PC. Things HAVE improved marginally over time and can fairly reliably follow a route created from a plan (which is a right faff of a process tbh). Absolutely lamentable substitute for Viewranger. If you can't provide the ability to follow a planned/saved route by the time my pro sub renews, I'm searching for a more comprehensive alternative. Not sure why you acquired Viewranger to then remove key navigation functions, or have I missed something??! Ok, I've tried to be patient and without wanting a second job doing your testing for you, I've realised that a) The random blacking out when tracking can be fixed by tapping Map icon then back to tracking b) It's safer to use offline mode only when in the wild, having previously downloaded the map. Toggling between the two mid-walk seems fraught with danger c) The main reason I bought my WearOS watch was the VR integration and it was as good as I could get within the constraints of watch battery life. A few observations with OA: i) If I start tracking on the phone by using the watch, the phone doesn't seem to track the route and randomly resets and loses the fact you've been walking for the last 2 hours and also only seems to show a straight-line route from the last time you looked at the screen to this time. It takes so long to show the relevant map section on the watch that the screen usually reverts to battery-save mode (it's a Mobvoi Ticwatch) before I can see anything. It didn't do this with VR. ii) The worst I've had is the OR app on the watchin using 20% of the battery per hour. 5 was usual max d) Phone CPU is worse than it was with VR generally, especially if you don't close the app after use. To be honest, I really can't be bothered to invest any more effort and time in a software solution which has clearly been rushed through whatever limited testing it receives. It certainly doesn't appear to have been tested by actual end-users in a variety of fields. I think your biggest mistake was in forcing VR users to migrate by cancelling the re-subscription possibility. All this will do is hasten migrations to better, more reliable and robust tracking tools. RIP VR, it was great whilst it lasted is all I can add.",2021-10-04,3,4,441
app02-review015,com.digitalkingdom.makeover,"Update: a month after my original review (3 star), I have to downgrade it to 2 stars. I still enjoy it, but I know that will change. The reward is always $300 + a bit more if you pay to play or have to watch an add. With some items costing north of $2000, you have to match a whole lot of tiles. There is no way to increase your $, except to a once a day ad for $485. So you play. A lot. And you watch ads. A lot. I've been playing this game non-stop for the last month. It feels VERY beta-ish. The nice part is it's a different sort of match three from what I usually, which I really welcome. Having this as a tile match where the tiles are stacked is much preferable to the Candy Crush sort of matching. The problems are when you get into playing regularly. The mechanics are good and the designs are mostly good. A month long subscription is on special for $4.99, and that's a good value. The regular rate is $9.99, and that's definitely NOT a good value. AFAI can tell that only buys you access to a few groups of ""watch this ad and win a reward"" and a few other things. Hardly something worth paying for. And definitely NOT worth the $9.99 price tag. The Wheel of Fortune is really limited in what you can win. Two of the rewards are for items I'm not sure what they are. for. You are given an option to re-spin if you watch an ad, and that's a welcome option. Ditto the Mystery Gifts you get after playing a match. I've amassed a hefty collection of neat items that I can't seem to use. The only time I was able to use any of them was in the first couple of design scenes. I'm now on my 7th scene, and there's nary a place in sight for these decorations. The good news is you are given a chance to add to daily to gems, lightbulbs, coins and free play time. They've also recently added a way to increase your stash of gems by watching ads. The beta feeling is because this game is rough around the edges. There are things like the decoration items that just don't have an explanation. Lack of options on the Wheel is a real oversight. Nothing to spend gems on makes it feel rather pointless to continue adding to your collection. This game has real possibilities, but the developers need to work on it. Hopefully they will (and will change the price point for membership!)",2021-11-16,3,4,441
app02-review016,com.google.android.apps.fitness,"As so often with Google software, this shows promise, but doesn't quite deliver. A brief flirtation with Pikmin Bloom left me with Google Fit active, and I found myself benefiting from it's encouragement, but disappointed by the Artificial Intelligence version of ""Heart Points,"" which in typical AI fashion, seemed to give artificial and unpredictable results. But I was encouraged enough to buy a fitness band, which I hoped would provide more and better encouragement. It did, sort of, so I returned it and bought a Mi Band 6, which has met all my expectations, needs, and wants. Being on my wrist, it doesn't quite count steps the same as the phone in my pocket, especially since the band doesn't start counting until you've been moving for a bit. So I was not surprised, that Google Fit counted more steps than the band. Until yesterday. Midday yesterday, after a nice walk, I was happy with my arrangement. But later on, I realized that Google Fit had completely lost the mid-day walk, showing activity before and after that, but with only a few steps of the mile-plus beach walk and hill climb (I was already disgruntled that it hadn't given me any heart points for the hill climb - because I wasn't walking BRISKLY enough, I presume, even if my heart rate was at the high end of my target range). Today, I tapped on the Google Fit widget as it displayed 552 steps, and it opened the app to display 405 steps, which is what the widget displayed as I exited. Later on, the widget displayed 95 steps. This is not how I expect a fitness app to work. I don't know if this was because Google Fit updated yesterday morning, and broke something in the process, or because I added the ""Notify for Mi Band"" app the evening, and linked it to Goggle Fit at some point. I don't care. I just want it to work. I want Google Fit to count steps, and add to them as I walk, not throw them away. I want Google Fit to have an option use GPS to allow the AI to more accurately estimate exertion level, and use the heart rate as well if linked to a fitness tracker. Is that unreasonable? \\ Update: took screenshots of two phones after walk this morning, and one said 52 heart points and 5970 steps, the other 45 and 5674. Now they both say 49 and 1888. My watch says 5637 steps.. I think it is ridiculous that to retain my owned achievements I have to go in and manually adjust the record.",2021-12-11,3,4,438
app02-review017,com.lifescan.reveal,"Disappointing. I had no trouble installing, configuring, or pairing with my new Reflect meter. Until I started actually doing blood tests. They didn't show up in the app. Nada. And no clear evidence whether the app is actually communicating with the meter at that time (if I change range settings, the app asks me whether to use the meter setting or app setting, but doesn't say when it got the meter setting). So I entered the data manually. Then I realized that I can only set ""before meal."" I test twice a day: before breakfast (""fasting"" - 80-120) and before dinner (ummm ... ""behaving""? - 80-130). I don't want ""good"" tags if I'm out of range, I don't want ""bad"" tags if I'm in range. I did another test this morning, and instead of entering the reading manually, I started playing with the phone's bluetooth settings, which show the meter is not connected. I clicked ""+"" to tell the phone to connect to the meter - it didn't. I disconnected the phone from my fitness band - still didn't. I poked around some more. I looked at the meter. It showed the most recent test result, acquired via bluetooth from the meter. Sigh. So I don't know if I just haven't been waiting long enough, if I need to disconnect my fitness band, or if I need to randomly fool with bluetooth settings. But once I get that working, I still will have the most basic problem that the app won't accurately tell me whether or not I am in my target ranges half the time. So far it seems like all I've gained by upgrading from a OneTouch Ultra is smaller blood drops. Oh - and the meter setting time from the app beats the heck out of the Ultras, where I refused to adjust for daylight savings or correct for time drift because setting the time was such a hassle. (Anyone else remember connecting by serial cable and getting a message that the meter time and computer time didn't agree and you needed to manually reset the time? Sheesh louise - why couldn't they just ask if they should correct the meter to match the computer?) What it all the fancy and elegant super-features of meter and app don't amount to a hill of beans if the app and meter won't: consistently tell me if I am in range. If I need to disconnect the fitness band or fiddle with bluetooth settings every time I want to sync, I'll only be syncing once a week, if that. [Google Pixel 3a, Android 12]",2022-01-07,2,3,434
app02-review018,com.ovelin.guitartuna,"As a free app, it gets the job done. I gave the prpo version a shot, as I wanted the ability to do custom alternate tunings, which was actually pretty cool. If it wasn't for this next little thing, I would rate 4 or 5 stars. Unfortunately, you can't just buy the app. Nope, you will pay 5 bucks a month forever, in order to have the ability to use the pro version. Thats insane. Greedy. I used the free version of this app for years to quickly tune a guitar in the off chance i had to. However, paying 5 bucks a month in perpetuity to have an app on my phone that I might use occasionally is a hard pass for me. I didn't notice it was a recurring fee until they were already into me for about 20 bucks. I thought the paid version was a one time purchase of 5 dollars, not a subscription! I would have bought the app outright, for probably more than 5 bucks. Heck, I'd probably spring for 10 dollars ONCE, but not to basically pay a rental fee to have the ability to access the app. I could have just gone and bought a pretty decent ACTUAL physical guitar tuner for what these people got me for with their recurring monthly fee. You guys, recurring fees are not really justified for this type of thing. If the content were dynamic and changing from day to day, like a video streaming service, sure bring on the fee, but an app that basically takes the place of a physical item I can literally purchase and hold in my hand is pretty sleazy and scammy, and is an obvious ""Gotcha"" attempt to sucker people into unknowingly paying at least one recurring monthly fee, or however many you can get away with before people realize its a subscription, and you can't just buy the app outright. Because of that, this potentially useful app gets dropped to the lowest possible rating, as well as incurring the deepest level of contempt I have for this business model and those who practice it. **TLDR: hard pass on recurring monthly fees to use a guitar tuner app. free version is ok. read the fine print and don't get suckered. ** Lastly, here's an idea- maybe don't try suckering people. Resist the urge to make a quick buck off of unsuspecting people. A good product ought to sell itself, not be used as a ploy to trick people into subscriptions so you can leech off of them. 1/10. Would definitely not use again.",2022-01-06,1,2,433
app02-review019,com.kingsgroup.sos,"From an almost 2 year old player. DO NOT bother to play this game unless you are willing to spend over $1000 and possibly thousands to upgrade and grow. No matter what copy/paste messages you see from developers, this game is design for profit and not for people to really enjoy. The new content is constantly recycled with new shine but same old tired gameplay. They are constantly releasing upgrades that make the strong stronger and the weak people struggle to keep up. That makes many F2P or small spenders quit the game often making servers that you play in called states extremely boring and full of only the high spenders that crush you every step of the way. There is no possible way to keep up with big spenders no matter what copy/paste message they reply with. You become their enjoyment as they attack you non-stop and there is nothing you can do about it. You either continue to spend A LOT monthly to keep up or fall behind FAST and become weaker than most. The game can be fun but its full of toxic players that spend a lot to be toxic. Full of money grab events. They rarely give F2P or casual spenders chances to earn anything really cool like HQ skins or marches. HQ skins continue to go to the same top players with no chance for smaller players to earn them. Its given to big spenders or top players which are usually again, big spenders. As time goes by you are left more and more behind even after spending thousands like I have. I have met many wonderful people that have sadly quit over non-stop attacks and just not being able to keep up with bigger spenders. Good luck going on vacation or having an emergency that keeps you away for more than a day, there is no protection for you. You will return to your HQ burned and troops destroyed and resources taken. The game can/does have a lot of good things but sadly... it cost too much to enjoy. Top alliances mostly accept very active strong players so you will end up in a weaker alliance that will most likely be attacked all the time and that will also prevent you from growing in the game as they will take your resources and kill your troops. Copy/Paste replies does not help anyone but thats usually what they will send you. Good luck if you decide to play the game, hope you last long enough.",2021-10-10,2,3,421
app02-review020,com.quadpay.quadpay,"CONSUMER WARNING: YOU CANNOT USE THIS SERVICE IF ANOTHER CUSTOMER PREVIOUSLY OPENED AN ACCOUNT WITH YOUR CURRENT PHONE NUMBER. CURRENT CUSTOMERS, IF YOU CHANGE YOUR PHONE NUMBER YOU MAY BECOME PERMANENTLY BLOCKED FROM THE SERVICE. Incompetent company. After being a responsible customer on this app for over two years (never missed a payment), they are effectively cutting me off as a customer over their own technical issue. I recently got a new phone number. To make purchases with Zip you have to use the mobile app and log in with your phone number and a verification code they text you each time. I logged in via email on their website (which lets you access account settings and pay off orders but not create new ones) to update my phone number, but kept getting an error message saying I couldn't. Contacted support, was told I can't because another customer signed up in the past with this phone number, their account still exists, and two accounts can't have the same number. In other words, I will never be able to get a verification code texted to me to log into the app because my new number isn't connected to my account, and I no longer have access to my original number I signed up with, and therefore I can never create a new order with this service. This after building up a decent spending limit with them after years of use. I asked if there was any other solution and they said there wasn't. It was useful while it lasted, but they don't care about their customers at all, only their ""policies"" and whatever money they can suck up indiscriminately from the working class public. I should've realized this company was built to prey on and profit off of irresponsible customers who don't pay on time rather than to create loyalty with responsible consumers. That's the basis of all lending models. Absolutely incompetent company here and I will drink a toast when they ultimately fail and go out of business. Oh by the way, after I reported this issue to them, they also told me they ""blocked"" the other customer's account who had used the same number as me, whatever that means, so, apparently they screwed over two customers today with this little piece of technical incompetence! Avoid Zip/Quadpay (or whatever alias they try to go by to avoid accountability in the future) at all costs!",2021-12-23,1,2,404
app03-review001,me.greenlight,"I just signed up, so my review is based strictly on the set up process. I have heard good things from others, and I think this app/card/program will be helpful with my child. BUT the signup process is very ""scammy."" Not only the upsell of trying to get you to sign up for various higher cost plans that include investments (so many push notifications until disabled!) The bigger issue is the ""standard"" vs ""customized"" card. As you are setting up, every step directs you back to the customized card. There is NO WHERE to set up and order a standard card. What they don't tell you anywhere in the process of signing up is that you get a standard card automatically once your bank sync verifies. Indeed, I got a push notification after I was able to verify my bank that told me my ""next step"" was to order the card and it directed me to the customized card. I looked everywhere for how to get the regular card that doesn't cost extra. No info on the app, no confirmation email telling me it was automatically ordered. I texted the number provided on the app for help. To their credit, customer service was quick to get back to me and they let me know that the standard card was automatically ordered. They also went to my account to verify for me that it was indeed in process. Now WHY CAN'T I get that same info on my own account?! This is clearly designed to TRICK YOU into getting the customized card. The app directs you to do that multiple times during the set up. Nowhere does it tell you, that you already have a regular one coming. And you have to actually speak to customer service to verify a standard card was ordered since there was NO CONFIRMATION of this in my email nor in my app. I told customer service to please pass along my feedback as this comes across as, at best, an unclear and frustrating system, and at worst, VERY SHADY. Please change the process to be TRANSPARENT. You shouldn't have to dig so deep to find out that the customized extra fee card is actually....completely optional. I'm sure they make a lot of extra money of this setup but for me, it is a big turnoff. I will look for a system that is more transparent about additional optional fees.",2022-01-27,3,4,404
app03-review002,com.marvel.unlimited,"When you can actually use the service, this offers a phenomenal bang for your buck. The back library's great, the fidelity on the art is excellent, and the price is reasonable. Unfortunately, a bungled update in early September has made it virtually unusable, with lots of functionality removed and core pieces of the program just simply broken. A month and a half later and there continues to be no meaningful communication with the user base beyond promises to fix it in the future. If this was Flappy Bird or some other completely free app, that'd be fine, but this is a paid service and it's not even remotely okay that after 6 weeks, for example, my read history is still missing and I cannot add a single thing to my library. Imagine what riots there'd be if suddenly Netflix pushed an update that broke your ability to add things to your list and after 6 weeks no progress had been made to fix it. It's shocking that this update made it out the door. After all this time of still not having basic fixes in place for stuff that was broken (not to even touch on the removed functionality) combined with absolutely no meaningful communication, we've gone from ""unfortunate"" through ""shameful"" to ""someone(s) in management should have lost their job over this."" This is, beyond any shadow of a doubt in my mind, the single worst roll out of an update I've ever seen across any service in my entire life. If you aren't already a subscriber, avoid this service like the plague for the time being. Check back in a few months to see if it's gone back to being the 5-star service it was up until September 2021. (Marvel, if you're thinking about responding to this review, I've already got a ticket in that I haven't heard a peep about, but that's besides the point. These are giant issues that tons of your users are experiencing, asking people to raise a ticket is NOT an appropriate solution. Shooting an email to your subscriber base or raising a notification periodically through your application explaining what the current major issues are along with a meaningful explanation of what progress is being made and what the plan of attack is would be a much more appropriate response. Is doing so embarrassing? Sure, but at least it'd show your user base you're actually taking it seriously.)",2021-10-20,1,2,404
app03-review003,com.google.android.apps.authenticator2,"The entire point of this app was to protect our MOST secure accounts, all with no warning that this app permanently locks us out of all of our MOST secure accounts should we lose, break, or restore the device it's on. This is the greatest security failure I have ever encountered in my entire life 10 times over for each account it affected. Nothing, not a virus, a hack, or a widespread data leak has ever done as much damage as this half-baked app. This has caused widespread chaos across the most important facets of my life, and from the reviews, far too many other lives as well. Worst part is, it could so easily be attached to our accounts which could logically restore our authenticators rather than locking us out of everything, but you simply haven't because of an extended duration of outright incompetence and flagrant disregard for the security and safety of your users. My next step is to look into if this mismanagement of our security is criminal. Because I'm absolutely devastated that you not only had produced a product with such a massively undisclosed hole in security, but that you have continued to market it while ignoring an exhaustive history of users desperately complaining in these very reviews about your negligence of our security, which you also have the audacity to not even respond to. How dare you continue to market something that remains so detrimental to the security and safety of anyone tricked into believing it's their safest, most secure option as you ignore the abundance of people whose lives you've put in turmoil when their only mistake was trusting you. Apparently, if you use this app, the thought from the developers is ""Well no one would ever lose, destroy, or restore their phone. Every conceivable person to ever exist would fully transfer their phone to their next phone. Why bother considering the security of people who just lost access to everything else on their device like that would ever statistically be the #1 reason people replace their phones? It'll never happen!"" Honestly, I hope you are absolutely ashamed of this pathetic excuse for a security app and that you have to reconcile one day with how many lives you've devastated. Over the course of it's use it protected me from 0 account break-ins and locked me out of every account it was meant to protect. 0 Stars.",2021-10-19,3,4,403
app03-review004,com.vshower.prd_sr,"UPDATE Originally gave a 5 star review as this game is the only mobile game I've consistently played for years. The recent state of the game is laughable. It's clear that the dev team probably has ONE person working on this game now. They don't care about the quality of the game anymore and are just keeping it alive to continue raking in money from the poor souls who don't yet see the state of the game. It makes me mad because the potential is overflowing for Blustone. VS has failed. I can imagine maintaining a game like this does require some work. I acknowledge that, but VS's Blustone dev team just seems to be slacking for awhile now. They announced a Blustone Update Milestone thread on the forums back in March 2020. This post announced big changes that all sound great: - Skill Descriptions update - Revamp of Hunter training system - Awakenings - New FC Mode - Guild Raid These are big changes that sound cool, but here at the end of 2021, we have the skill descriptions updated, and awakenings for a handful of Hunters. The events as of late have just been a mess as well. Gotta admit I was taking a break from the game during the Whac-a-Dawdly-Pow event, which I'm honestly glad about. VS apparently miscalculated on distribution of rewards for this event, so many players were able to win a very good amount of rewards/rupees. Like a week later, VS decides, ""OOP! We gotta do a server rollback boys."" I heard some people were grinding hard that whole week and all that time played, just erased. THEN they offer a ""compensation"" based on attendance that is just atrocious. It was basically just another slap in the face to their already dwindling playerbase. The most recent event, as of this review, was the Dragonetty event which is another disaster. I played it when it first released and was actually surprised as I was profiting from playing it. Wow, an event that doesn't steal from us! VS had to put a stop to that right away. The next day, I get on and notice they nerfed the event hard. It's back to being a proper VS event where it's not even worth playing. I know this is long, but THIS is why I'm changing my rating to 1 star. Will VS redeem themseves? I really hope so.",2021-11-29,2,3,402
app03-review005,org.kman.AquaMail.UnlockerMarket,"ANDROID 12 BREAKS THIS APP. Unfortunately, the original developer has left and the people maintaining the app now do not appear interested in keeping it updated. I reported the below problem and the company has not responded to my steps to reproduce. If you depend on the app syncing deleted files with the server on exit, like I have for the past 8 years, this no longer works in Android 12 and they won't acknowledge it, let alone fix it. Steps to reproduce: 1. Have two devices ready – one with Android 12 and one with Android 11 or lower. 2. Both devices have a pop3 email account in Aquamail PRO configured to leave the messages on the server after downloading them. 3. Both devices have Aquamail PRO configured to automatically purge deleted on exit. 4. On a PC, have a browser up with the inbox for that pop3 account. Use the same pop3 for the tests on both devices. 5. Send two emails to the pop3 account and then download messages on both devices and the PC browser. The two messages will appear in all three places (see step 2 above if they don’t). 6. Delete one email on the Android 9/10/11 device and hit the back button until you have exited the app. You will see a flash of the Aquamail icon in the upper left of the device as it UPDATES THE SERVER. 7. Delete the other email on the Android 12 device and hit the back button until you have exited the app. You will NOT see a flash of the Aquamail icon in the upper left as it updates the server, BECAUSE THAT IS NOT WORKING IN ANDROID 12. 8. Now go back to the browser on the PC and refresh. The email deleted from Android 9/10/11 is gone. The email deleted from Android 12 is still there. 9. Yes, I just did this. WITHOUT manually clicking purge deleted. Automating this process on exit is the reason I've been using the app for the past 8 years. Android 12 broke the app and they do not appear interested in fixing it. They denied the problem existed when I first reported it. I provided these steps to reproduce on Nov 16 with two follow up emails in the past month and have gotten no response. Time to see how far the competition has come since 2013...",2021-12-18,1,2,400
app03-review006,com.yum.pizzahut,"App keeps crashing or stating the store is closed (when it doesn't crash) every time I try to order since my birthday on Sept. 14th. Seems crashing is a common problem with this app on Samsung Galaxy S9s (based on research of others having the same problem). Finally managed to get an order through on November 13, however I was forced to do a future order, making the order roughly an hour later than it would have been if I could have done an ASAP order. Even with the future order, the actual delivery was an hour beyond the time I set it for deliver, so I didn't get the pizzas until 2.5 hours after the order was placed, the pizza was cold & the breadsticks & extra sauce wasn't even included (BOOK IT! Bundle), the DoorDash delivery person stating they had done 3 other deliveries from this same Pizza Hut the same night & every one of them got shorted in one way or another. When I tried to call them about the issue, they quickly put me hold & left me there until I hung up at 10 PM (almost the entirety of the 1 hour, 10 minute call being on hold, probably less than 10 seconds where I wasn't on hold or going through their automated system to speak to a ""human""). My next call was to my bank to file a dispute against the charge for undelivered items from the order on 11/13/2021, originally thinking I would need to reverse the entire charge, but they stated I could file a claim lowering the amount of the original charge to compensate for missing items (estimating roughly $5 at a discounted rate of the $6.74 purchase price I was shorted, given I purchased a bundle rather than at full price). At this point I can say almost certainly I am done purchasing from Pizza Hunt (maybe only if pickup, but that's going to depend on how/if they retaliate to the dispute filed with my bank), adding them to my boycott list along with Papa John's. Further details will be published to reviews on other sites (including a photo of what I did receive & screenshots taken to back up the statements that have been made in those reviews). Rating of this app has been lowered from 2 stars to 1 as a result of this experience.",2021-11-15,2,3,398
app03-review007,com.disney.emojimatch_goo,"I am a long-time player (4+ years). When I first started it was enjoyable, but took a frustratingly long period of time to earn enough coins to get new characters to play with, let alone gems to purchase rare ones. However, you could play any of the special events to the end, even if you didn't have the ""lucky"" characters. It was just harder and took longer to complete. And at the end, you always earned a diamond box, which holds the rare characters. You never had to pay to play (although you could if you chose to), and you could watch ads to get additional power-ups, coins and gems. It is generally still a fun game if you play just to play and don't care about advancing or collecting new playable emoji characters. Things appeared to improve when Jam City took over management of the game - they increased the ways in which you could get new characters, which means more frequent leveling up and acquiring of new characters. However, very quickly, they have turned it into a Pay to Play model. There are still more ways to collect the ""regular"" emojis. However, in the past few months, they have run special events where the ""lucky"" emoji isn't available to win or purchase, you don't win a diamond box (or any playable emoji) at the end. And they have set up the newest special emoji only in a box that takes HOURS of play to get complete the level where you can win it, and even then, you only have a 1% chance of winning it unless you want to pay for it. Additionally, they have increased the requirements to complete without increasing the time (and often decreasing the playing time). Combined with making it extremely difficult to get the special lucky emojis, playing events has become a slog and for most of us, impossible to finish. Many people on social media are saying this is the ""Disney"" way. IMO, it is not. Disney admits to charging premium prices - for ""exceptional experiences"". This is NOT a Disney level exceptional experience. IMO, I think Disney needs to review its licensing agreement with Jam City, as the recent changes to this game have made it miserable for many long-term players such as myself. I will no longer spend money for in-game purchases, just on general principle.",2021-10-27,3,4,396
app03-review008,com.nexon.bluearchive,"This game has immense potential and a lot of leeway expected of it. It has one of the most unique playstyles ever in any gacha I've played. It also has tons of lively characters that you would find yourself very relatable and even fall in love with. It is generally a promising game with a good launch and with immense popularity with searing heights (1M+ in one month, who wouldve known that?) Heck I'd be even tempted to spend a dollar or two just to support this game's development as a whole. However there is one thing this game this game lacked and violated: consistency and experience. As you may know, the experience players have are inconsistent across platforms. This is something that I say with a heavy heart but it has to be done: censorship is something that any game community is strongly against and is frowned upon. Even by restricting these exclusive content across platforms rather than making them uniform across servers as a whole is an injustice and it shows how the developers place restrictions on their content across regions. For us players to have the best experience possible out of this game, it also must be consistent. Your management came up with a follow-up sort of official announcement to sort up these concerns but all they did is to fan the flames - rather than assure the community that their experience is safeguarded. That's why I implore you that if you really and authentically care about this game - there should be an emphasis on preserving its consistency in every aspect indeed, rather than breaking the slightest of promises. Rest assure that do not take this a some sort of attack - I am just deeply concerned about these recent actions as it had happened to other developers in the past and these were drearily bad decisions. Please remember that these actions have consequences on the long run: I would personally see the game alive in its full form rather than being subject into unnecessary restrictions at the expense of ""user experience"" and ""external requests"" which are, to be honest overall exaggerated and do not in any way solve any problems among the playerbase. In all, in order for the game's experience to be whole - it should be consistent in terms of its content iregardless of where it's released.",2021-12-17,3,4,394
app03-review009,com.miHoYo.GenshinImpact,"At first i thought this was an okay game. The story is nice but your dialog options dont tend to matter. Par for the course really. If you are willing to do some reading you can also find bit of lore scattered about which is super great. But, after getting further into it, i found some frustrating features. 1. Lightning strikes are not random. While they are not terribly damaging they are skewed to strike near you. They are very frequent when it storms and can knock you off cliffs which can kill you. 2. Swimming is frustrating because the zoning doesnt match up to the terrane. There are too many places where it looks like you should be able to just stand but instead you swim. If you run out of stamina you drown and it resets you to where you were before you started. 3. Stun lock. Freeze locks you in place. you have to tap rapidly on the screen to break free. But you can be frozen again quickly. This is especially frustraing when it rains because you can not avoid the wet effect so when you get hit by cold you get locked. This can kill you vs enemies that would normally pose no threat. 4.The game does not pause in cut scenes. If something nearby could agro you or an environmental effect is ongoing you can die. 5. Somethings can be approached before you are allowed to interact with it. This means some puzzles can not even be started till you find the right quest but there is no indication of this. 6. Some quests require you to interact with something like an item in your inventory but it will not tell you this. 7. Co-op is not great. You cant get help with about half the quests. Really you can only do daily stuff with friends. You can also be locked out of co-op by starting certain quests. There is not indication which quests will do this and you can not quit the quest to reenable co-op. Likewise you can not interact with NPCs at all while in co-op mode. So no shopping or turning in quests to NPCs if needed. All in all it was an okay game but the frustrating features just keep popping up taking you away from the enjoyment.",2021-12-31,3,4,389
app03-review010,com.poshmark.app,"On November 7, I ordered a pair of expensive designer boots. Against my better judgment, I had them delivered to my apartment. The next day, they were shipped overnight to my apartment from Fox Island, WA. When I got the delivery notification from USPS, I rushed home. Unsurprisingly, the package was not there. When I got requested proof of delivery from USPS, I realized my neighbor (from up the street) signed for the package. They are number 78, and I am number 150. I went there to politely ask for my package, but no response. I explained the situation to Poshmark; the representative said they would refund me. (I am still waiting on that.) I figured this whole situation was USPS’s fault (because it usually is; they are the worst). So, I found another seller who listed the same boots at a slightly lower price. When I ordered them a second time, I used my friend’s address because she lives in a building with an attendant. The next day, they were shipped overnight to my friend’s apartment from San Diego, CA. When I got the delivery notification, my friend went to check for the package. And perhaps a bit less unsurprisingly, the package was not there. When I again requested the proof of delivery from USPS, I realized her neighbor (from up the street) signed for the package. They are number 49, and she is number 205. Poshmark, of course, gave me the “we are sorry to hear you have not received your order…” response and will probably refund me. Beyond that, however, I can’t help but notice the parallels: both sellers shipped these boots out within 12 hours of purchase; they each shipped them overnight; Poshmark failed to authenticate the boots both times; both USPS postal workers let people sign for the packages at the wrong residence on the right street. Further, the sellers’ can’t profiles seem fake (there are no other listings, very few followers, and they used the same mock photos for these boots). On the other hand, these guys would have needed to hack USPS’s website to get the tracking history, the signature, and the proof of delivery functions to work correctly. So, there is that. Moral of the story? Either USPS is terrible, Poshmark has spam sellers, or both (it's probably both).",2021-11-22,1,2,387
app03-review011,com.miHoYo.GenshinImpact,"Making fans do your marketing for a small chance at a paltry reward is bad practice. We don't want to shill for a company that shows no appreciation to fans. miHoYo needs to put a team together specifically for listening to complaints and criticism. The players have been begging for many common-sense changes and other much needed improvements and feel ignored and unheard. It is a beautiful game with interesting story, but no end game content to speak of. Major update content tends to be done within the first week or two of release. Time-gating isn't the solution here. Need increased energy caps or energy regen rate improved. If you're going to play, I'd advise to keep it casual, or youll run out of things to do. As far as gacha games go this is the most punishing grind I've seen. Insanely low drop rate for decent artifacts, high cost for character wishing especially compared to rewards if not spending large amounts of cash. Be prepared to fight the same fights hundreds of times without getting what you are looking for. Forget about 5* character constellations and forget about getting the featured weapon for any 5* character you do get unless you are whaling or have the patience of a saint. The grind from adventure rank 55-60 takes something like 3 years of daily play without paying, and the rewards are a joke considering the time investment. Most major complaints would disappear if they improved energy regen from 8 minutes to 4-5 (and/or) tuned artifact stat drops 10-30% better, implemented a repeatable randomized enemy dungeon/raid system with high difficulty rewarding just 5-10 primogems per run, add more sidequest type content, and make co-op good for more than just a 5 minute domain run. Could add a lot of other common complaints, but don't really see the point as they are never addressed. For clarity, these aren't just ""my"" complaints, just a few of those I see repeated most frequently within the community. A significant portion of the player base have a love-hate relationship with this game. We love it, invest our time and money into it, and genuinely just want to see improvements for it to reach the potential it has to be so much better. Will update review accordingly if improvements are made.",2021-12-02,3,4,384
app03-review012,com.doordash.driverapp,"good way to earn money, horrible HORRIBLE app. I just barely started dashing recently, and I already have had to jump through fifty million hoops. There was apparently a problem with verifying my two-factor auth, despite passing it by using email, and I had to wait while the account was locked down, all because I got a new phone and it didn't like that it couldn't send me a verification text. I had to talk to two different support agents that told me two different things, all because the app told me one thing was wrong when it was really another. Protip: if your app glitches so hard it glitches while trying to display what glitch it had, you need to frigging fix it. This isn't the worst of it, though...their pay system makes absolutely zero sense. They have direct deposit and ""fastpay"" as an option. Direct deposit is the option most sane people above the age of 18 will choose, unless they dash full time, because the ""fastpay"" option is a prepaid debit card they send you and pay you through, which is utterly useless if you are only dashing on the side. Well, apparently, doordash doesn't deposit instantly, they wait an arbitrary amount of time before they do to ""mimic"" other places that pay so it ""seems"" like a normal paycheck, instead of just depositing it right away. On top of that, there is a 2-3 business day delay for zero reason, so if for whatever reason the app doesn't like your bank information (which happened to me!), you have to wait 2-3 days to roll the dice and see if Papa D decided to grace you with a paycheck. Finally, their customer support is horrible over the phone, but good through the live text support. The phone line for dasher pay ends in a dead-end loop, where it gives you a few options, and then when you choose one, it acts as if you chose wrong and just repeats the options. You may think they'll fix it, but don't hold your breath, they seem to give absolutely zero cares about their dashers or customers. At least not enough to change in any meaningful, positive way. Good job, bad management/app. Only work this if you have no options at the time.",2021-11-24,1,2,383
app03-review013,com.ea.gp.fifamobile,"Terrible update. -H2H is not fun anymore, too many easy chances and you will get penalized 99% of the time. Most games end in 10-15 goals from each side. They don't give you your chance percentages beforehand either. -Absolutely NO offline modes that you can consistently play, only 2 game modes are offline and both require you to wait 24h to refresh after you complete it (You can easily complete it in 10 minutes each). -Gameplay is very janky, slow, tedious, and all in all, not fun. Absolutely no pace difference between players like Adama Traoré and your basic slow defender. -No sense of accomplishment in offline H2H as scoring goals against the bot is relatively easy especially against the lower rated teams (I beat 84 rated Atlético Madrid 4-0 in 1 half with a 78 rated squad). -New recommended section in the Transfer Market zone would've been a great addition if it wasn't for the fact the section doesn't show you affordable players. -You can't search by price anymore in the Market either, very unnecessary to take that out and makes the whole process of the market much more annoying and time-consuming. -New exchange section is a great addition, as is the chants section and the commentary section, and I liked the fact that they made it optional to use it and which commentary language you want to use. -Friends don't stay added from previous years, and the max. of 32 friends is useless and needless, although this one has been here for the previous year. -Menu is very nice, quick and simple to use. -Training players is much more compact and simple, unlike last year where you had training overall, ranks and additionally skill boost upgrades. -Game is still wildly pay to win, but this was expected as it is an EA sports game. -New seasons update is neat and helpful to earn additional rewards. -The new substitutes feature is very good but surprising it wasn't there before. So is having the ability to change corner and free kick takers. -New Free Kick and penalties mechanic is stupidly hard, and the fact you don't have a tutorial to help you learn the new process is baffling. All in all, terrible update bar a few nice additions. 2/10 game.",2022-01-18,3,4,380
app03-review014,com.plarium.mechlegion,"UPDATE Dec 24 2021: *Pilots broke any balance this game once had.* A simple fix would restrict the amount of power you are allowed to bring into any one match (like drop tonnage in Battletech). This would make the game about skill and choice of weapon (and pilot) again. It would give a reason to use non optimal builds and non optimal weapons (like auto cannons). It would force whales who want to play against f2p players choose between one super powered mech or several under powered mechs._____________________________________ ORIGINAL POST: This should be a 4 or 5 star game, but the company does not care about the game experience of the player. They want to trick people into paying money for it once they are committed to playing. BEWARE OF THE SUNK COST FALLACY playing this game. For a person who is not going to pay and just play the events this is a great game to play every day for about 2-3 months. Then If you want to play beyond that you will have to pay or be fodder for those who do. Until they make a match making system that evens out the teams you will not go any further. The only way to make the important in game currency (a-coins) with out buying them is to win tournaments. Once you start facing P2W players you stop winning tournaments and don't advance. Mech Arena tries to hide this through various ""events"" that you can play every day to win *some* things. The fact is by the time you get to the mid game those rewards are so minuscule compared to the requirement to advance equipment or get new weapons, and you are so out ranked by people who can and will pay, that you will not advance. Come mid game, you MUST buy in game currency or weapons, in order to participate in the events that will you get the money to buy the equipment to win games. As the game attracts more players that fall into the trap it will get worse. Its a good game with a company that does not really care about improving its experience. Play for 2 months and quit. I really like this game. I wish the makers did as well.",2021-12-24,2,3,379
app03-review015,com.medium.reader,"This review is only taking into account the Medium mobile application - users leaving negative reviews because they are unhappy about a paywall shouldn't be leaving reviews here, since this is a company standard, not just app-related. ****************************************************************** I have only started using Medium as a writing outlet this month (Nov '21). I routinely write remotely, when away from my desktop, so I downloaded the app. It wasn't long before I saw the application lacked seemingly basic features, which prompted me to write to Medium customer service to inquire into those features that would be helpful, yet are missing. ****************************************************************** FIRSTLY, I tried to remove line breaks in between paragraphs, with a desire to turn two into one. I placed my cursor at the lead of the second paragraph, clicked backspace and, nothing. Removing a line break doesn't appear to be an option in the mobile app. ****************************************************************** NEXTLY, as I was attempting to remove the line breaks, I inadvertently added the 3 dots (add-a-section). I tried to remove them, but this doesn't appear to be an option in the mobile app. ****************************************************************** LASTLY, I tried selecting ALL text in my story draft, but that only selects one paragraph at a time, telling me once again, this doesn't appear to be an option in the mobile app. ****************************************************************** I received a response from support the next day, and they're response was ""unfortunately, the app editor is more limited than the desktop editor and some of the things you are trying to achieve are not currently possible. I've shared your feedback with the responsible team so they can take it into account for future developments."" ****************************************************************** I am certainly not a professional developer (I'm barely a novice), but this app launched for Android in 2015, which means for 6+ years these features have been missing - I can't imagine these are going to be integrated any time soon. ****************************************************************** Amongst the many hundreds of reviews YTD 2021, Medium has responded to a total of seven (7), which is not uncommon for app developers, but I like to see companies doing this more often than not because it tells me they care about their application and its improvement. ****************************************************************** For reference purposes: I am using Samsung Galaxy S10+, running Android 11",2021-11-13,3,4,379
app03-review016,com.bethsoft.falloutshelter,"This game has really bad instructions, for instance you will be raided but there is no information about it. You don't know if you should click on raiders or what to do to get rid of them. Then I read help and there was nothing about raiders either and the raiders came twice within minutes. I had to google how to fight with them (hate that nothing happens if you click on them, no hint about what to do whatsoever, just zooming in and out that is annoying). Tips were about the most basic things like energy, food, etc, that people probably figure out themselves, but if there are raiders, sending troops out to explore or fire, then there is no information about what you should physically do (not just take them out, HOW?). Also, there is nothing to do in the beginning, build a couple of rooms, run out of caps and close the game Usually games give you a lot to do when you just start, so you would get used to it. This game did not. I played like 10 min and closed it, because nothing to do. Then I opened it again and went through every menu to find more information, discovered that the person I sent out is dead now (why is it an early task then and no info about how strong the person should be), then the raiders came and when I tried to read all the help, they came twice. I think it has a good concept and great graphics, but give some information how to play to people who have never played it before. Especially since you would think you have to click on enemies when fighting them. Not a walk through tutorial (these are relatively uninformative and very basic), but text that you can read, like an info button next to different rooms or objects that are unique to this game. Oh, it is even worse. Just now I had a cockroach attack, again, nothing on the screen reacts, just zooms in and out. Help has only text to deal with it before it spreads. Like HOW? It is impossible to play, unless you have played the main games or google every small thing.",2022-01-25,1,2,374
app03-review017,com.xoom.android.app,"Absolutely horrid product, service, app, etc. I thought all the terrible reviews below were just drama queens, but they were correct! Use any service....but this one. Xoom is a joke Long story short, needed to send money to a family member overseas, but this app (and website) is so poor it doesn't recognise International addresses.....so I contacted Cust service by email, their response was a 1 line template saying we checked and it's working, try again, hahaha, finally then changed phone # and address formats, spacing, etc and it worked, then set-up the transfer. 2 day's later asked me to verify documents, OK, no problem, sent in photo's of my DL & PP, uploaded, say's less than 24 hours to process, 3 day's later nothing, so contact cust service again as documents are there....get another utterly useless template reply that addressed absolutely none of my concerns/points. Another 3 day's later (were at a week now!!!!) I get an email to say transaction cancelled cause I didn't send in the documents.....even though they are on the app, and contacted cust service about it (This is how useless this service and their staff are...I even went to the desktop website to try and re-upload documents, but it told me they were there and no others needed and no option to add,) So, then finally I go onto another site (Wise) as needed to get money to fam member, set up account, sent, uploaded documents and money arrived (Wise set-up, verified and transferred my money to another bank account in another continent before these Brain Surgeons were able to sent me a 1 line template auto reply!!!!) So, out of curiosity, I send a detailed email to them (3rd time contacting them) and then another 2 day's later I get another auto reply, utterly irrelevant to my points, concerns, questions, etc, in fact, here it is: ""Thank you for choosing Xoom. We appreciate your business. Unfortunately, your recent transaction XHM2T5AJ was cancelled because we did not receive the requested information and/or additional documentation. If you have any questions, please reply to this e-mail or contact us. Thank you. Xoom Customer Compliance Team"" Folks, do yourselves a favour, just use a different service, these people are incompetent",2021-12-02,1,2,373
app03-review018,com.nianticlabs.pikmin,"Connectivity issues are reduced but still there, and are mainly caused by the ""game"" itself, it makes the device lag so much that the phone loses connectivity. Those challenges are reeeeeeally bad, they start fine (in the context of this game, awful in any other context), but the performance starts to tank over time, taking tens of seconds to update the screen, and even for the device to respond, and you can expect to have the device completely frozen and be forced to do a forced reboot, I can't understand how something like this could pass QA. The issue of ""you are moving too fast"" persists, and it's annoying, the game lags for a while and you keep walking, then it ""detects"" a sudden jump and believes you are in a vehicle, when a simple average speed based on the timestamp of the last known location and current location would fix this issue. Even with the ""game"" just opened, not doing challenges or even planting flowers is enough to make the device lag, and it doesn't even need to be in the foreground, it will lag the device even in the background, unless you reeeeally like this game, don't bother playing unless you have a high end device, a middle level device won't cut it, unless maybe it's a fresh OS with only the game running. Then there's the coins, the smallest amount you can buy is 100 coins for 1 euro, if you want to gather that same amount of coins simply playing the game you'll most likely have to spend tens of hours continuously, and those 100 coins will buy you nothing of worth, while the worthwhile upgrades are cash-only. Not only the performance is trash, they think their players are stupid with the ridiculous amount of coins given for free when you consider what you can buy with them and how much they cost, the interface is also not great, to say the least, things can be really confusing until you just get used to the piss poor placement of things, UI and UX NEED and overhaul, but before that, fix the piss poor performance, there is absolutely no reason whatsoever for the piss poor performance of this ""game"".",2021-12-25,3,4,372
app03-review019,fr.vinted,"For buyers - it's ok. Some good deals to be had. The app is subsidizing shipping costs until April 2022 so take advantage while shipping is under $1 for pkgs 1lb or less. For sellers - this is the WORST selling platform! Unable to sort or search listings. No bulk edit. For bundles - hunting and pecking to see what items are in your buyers bundles is a complete pain in the tush -- and there's no actual invoice for either seller or buyer to be had -- I think a monkey wrote the selling/buying page. Sorry monkey - you might be cute, but you do not know how layout a page with useful information. Your listing will be hidden or deleted if your pictures are too professional looking -- so do NOT attempt to edit pics -- they'll send a love-note saying 'Copyright Infrigement Violation' to explain why your listing just vanished. And Customer Support will just say 'we're right - you're wrong -- too bad"" if you attempt to disagree with them. NO WAY should you pay for Bumps! They also just sent out a note saying the Buy Button for custom shipping option is no longer available. No advance heads up to sellers, just a note saying a 'your listings are still there, but buyers cannot buy it'. No way to sort or search items = must go thru entire closet one by one to see which listings needed custom shipping because they didn't fit into Small / Medium size option and you don't want to ask buyer to pay $14+ for shipping when as a seller you know there are much more economical options available. A hundred other issues as well, but those are the ones that come to mind as biggest irritations. I'm so frustrated with this app, I do not care at all if the folks over at Vinted decide they do not like my negative review and close my account where I have positive feedback as both a seller and buyer, and nearly 200 items listed for sale. I tried to like them. I really did. But they do not have their act together and I'm finally frustrated enough to share my frustrations publicly.",2021-12-25,2,3,371
app03-review020,com.bandainamcoent.tensuramrkww,"If you want a quick review I will say that this is a great smartphone game, with compelling mechanics and lots of fan-service for people who enjoy the 'TenSura' series. I had lots of fun casually playing it while doing other things. For the quick review, we can leave it at that. But for a long review I can't say that it's not held back by outrageous ""micro"" transactions, and a massive number of technical issues. I played since the day after launch, since for a full day when it released the game would error back to it's title screen whenever it tried to load. I've had a great time and managed to complete what is as of November the main story and get deep into many different events. However I had technical issue the entire way, crashing, graphics glitches, and simple menus would frequently break. This reached it's worse when after an update, the game for some reason force re-installed itself. Causing me to lose all my save data. I contacted customer support, spent 3 hours filling out an overly long forum, only to have to wait almost a month for them to tell me they couldn't do anything. (This is after a long time of trying to find a customer support I could actually contact personally, rather than dealing with those simple ""Frequently Asked"" areas.) Needless to say I'm not going back into the game. This is a simple issue that shouldn't happen in a modern smartphone game. One example of a game that has a simple fix to this would be ""My Hero Academia: Strongest Hero"", which while having it's own issues, at least connects to your Google account, so you can reinstall the game on any device and keep your save data. 'SLIME - ISEKAI Memories' needs a system like this and I really don't think it would be that hard to implement. To finalize all my points within a conclusion, this is a promising game held back by what is possibly a rushed development and poor decision making. I hope that this game can become something great as it updates further and fixes the basic issues, that have caused me to abandon the game.",2021-12-09,1,2,369
app04-review001,com.YoStarEN.Arknights,"Arknights always had very glaring issues but I decided to ignore them and stick with the game as I collected characters, utilized them to their strengths, and grew to like to them. The gameplay was barely interesting enough but very, VERY repetitive and with level caps gating every stage, with upgrading taking weeks upon months just to be able to beat the next few stages. Stamina is a thing in the game and you'll have to play old stages on the daily to gain the resources needed to level your characters and facilities. But instead of just using the stamina and getting the end mission rewards, the player must actually sit there and wait for the entire mission to replay itself and there's no way to speed it up past the x2 speed. And stages can take over 5 minutes to complete; weekly annihilations takes around 30 minutes of you just sitting around waiting for the stage to end, and you have to do this multiple times, meanwhile you can't use your phone for anything else. Such an utterly horrible and detrimental mechanic, that I assume was just implemented for the chance the stage fails, which can happen by the way, to incentivize the player to spend money to make their units stronger, or just plain sadism, which after playing some stages, there's definitely plenty of that. Now they've removed a voice actress, Ai Kayano, because of some controversy with China after she visited a Japanese shrine to commemorate WW2 veterans (yes just that). The audacity to remove her not from the Chine server only, but from the global server too and maybe even the Japanese server is ludicrous. This has been officially the nail the coffin for me that's been a long time coming. Ai Kayano voiced the character Platinum, which was one of my favorite and most used characters in the game and her voice lines were superb, as expected from Ai Kayano, but they've hastily changed it to a less known and less fitting voice actress which is hugely disappointing. If they're changing this now, imagine what else they won't mind doing in the future. I'm not staying for it and you shouldn't either.",2021-10-24,3,4,367
app04-review002,com.survival.last,do not waste money on this game although good the mechanics to make you lose your items so you have to buy is ridiculous lost everything at besieged house of all places my death due to green injection not working then the game not loading fast enough to get back in time yesterday i had a roll back on progress made and had to redo the whole gas station lost a mysterious basement and a trader so the game has been screwing me over the past few days i think losing items to buggy system has to be the most heart breaking thing a perfect cold chest plate that iv spent all week grinding the event to get and my 15 placement backpack its just too much of a kick in the teeth of a loss in a safe zone where items are given back on reaching the box the game wants the timer to reach 0 so you lose your items why else make the mechanic i know its a survival game i actually like the difficulty and learning curve but it need alot of work around its system glitches like the roll back of progress i made over hours i have spent enough on this game to consider deserving a little consideration of my words i don't expect fairness or my items back let this serve as a warning for those who consider playing and spending money on the game i am actually quite upset as i was enjoying myself i took precautions on going into areas that had risk iv previously lost some items due to lag within the game and i see from other reviews its not just me it happens too no one can say my phone is underpar as it can play the game fine once in a hour maybe when multiple things shoot or a big hit from a monster is about to come in it gets buggy most of the time leading to the hit landing somthing i counter acted by keep my health up at all times but this same issue takes away my ability to use healing items i think this should be looked into abit deeper,2021-12-23,2,3,367
app04-review003,com.nianticlabs.pikmin,"WARNING: INSTALL THIS APP ONLY IF YOU ARE OKAY WITH: MISSING NOTIFICATIONS FROM YOUR HOME SECURITY SYSTEM, NOT RECEIVING AMBER ALERTS, NOT RECEIVING TEXT MESSAGES, HAVING ALARM CLOCKS WAKE YOU UP LATE OR NOT AT ALL, COME HOME TO FIND YOUR DOOR UNLOCKED WHEN YOUR PHONE AUTOMATICALLY LOCKS IT WHEN YOU LEAVE, OR ARE WILLING TO SPEND HOURS WIPING YOUR DEVICE AND SETTING UP AGAIN TRYING TO FIGURE OUT WHY NOTHING IS WORKING LIKE IT USED TO. btw, I liked the game, it was kinda fun. ***************************************** You must recognize, Niantic, that only on the surface is it notifications which are impacted. You must recognize that, with that, also comes people's security. Folks aren't getting home security notifications when they should be. The app which automatically locks my door when I leave quit working. The alarm which wakes me up for work on time failed to trigger. And the Amber Alert which everyone else in my household received did not come through for me. I don't know what permissions you are trying to cannibalize for this game but it is absolutely irresponsible for you to be aware of the gravity of this situation and simply refer to it as an ""OS notification"" improvement. You should remove the app from the store, identify the root of the problem with 100% certainty, and stop rolling out the same pseudo-fixes that never resolve the problem without creating another (which we've all learned to endure through pokemon go). ***************************************** I spent hours first troubleshooting the alarm clock - I knew it was supposed to go off at 6AM every day, I was lucky, because I knew I wasn't getting the notification. Many people don't even realize they aren't being notified. I then spent numerous hours troubleshooting the operating system. I sat down to prepare to wipe my phone and revert when I stumbled across a thread indicating Pikmin Bloom was the culprit. Within seconds of uninstalling/force quitting, all those missed notifications came through at once. I tested it after the 34.1 update - nothing was fixed. So please stop saying you're making improvements to OS notifications and tell me when it is fixed, and be absolutely sure you really fixed it.",2021-11-16,2,3,367
app04-review004,com.herocraft.game.free.spaceshipbattles,"This game is ok, it is fun, and runs well. It is a passive play kind of arena game, you set up your ships with tiles that do certain tasks and battle other ships to see who wins. Over all the mechanics seem to work well and the ship specifications work well to make them unique in play style. However, the game is slow and repetitive with almost no progression. Once you get to the Cruiser class ship (which is an appropriate amount of grind time) there is almost nothing to do. Between levels 18 through 24 there is little to do but wait and continuously battle. If your ship loses there is a long wait periods to play again, and if your rank is too high you sit in limbo either dying or winning every other match, which causes more waiting time. The designed timeline wasn't well thought here in the game. Blueprints and upgrade chips are hard to get which also prolongs progression. If you want to remove ads you buy a currency pack, I find that fair and have purchased 2 packs before, but honestly the value of your money into the game is not worth it. The game currency is not balanced for the value of money you spend at all. 3.99 will get you 100 currency, and something just like an extra hanger can cost 250 and over. That is almost $10 for nothing, something with no actual value. You are then hit with some sales ads that want you to buy a ship early for sometimes up to $20!!! Absolutely horrible and not considerate of players value. If you do ever buy one of these you'll probably have a great ship and quickly get to a rank where you skipped so much potential fun from progression that you will be stuck in limbo again I'm sure. To conclude, the game is fun, but there is a lot of lost potential from the listed above problems. In the end if you want 5 minutes to kill, open the app, playa couple rounds, come back 30 to an hour later while you go have fun on some other game.",2022-01-19,2,3,363
app04-review005,com.igg.android.dressuptimeprincess,"I've been playing this game for over a year now, and I'm becoming increasingly disappointed. Since I first started playing, there have been numerous updates overhauling the UI and assets, and each time, they've gotten harder to navigate, lesser in quality, and - sorry to say - uglier. I wasn't going to write a bad review, because while they had made a couple of the menus wretched to look at, at least the home screen and a select few menus were still palatable. No more! No, now I'm met with an awful home screen, and every icon, for clothing and items alike, is terrible to look at. We went from having cute thumbnails for items to having poorly scaled-down versions of the 3D models that make it hard to find what you're looking for, and are much less visually appealing. As for the items, they're all washed out and have a fluorescent glare over all of them. Yuck. The UI is difficult to read, and now includes lots of annoying flashing that I'm sure is a nightmare for anyone with photo-sensitivity or epilepsy. The menus are very dark now, and when a sudden burst of white light happens every time you get a new item, the contrast against the background is blinding. They rearranged the layout of the menu, which has been the same for over a year. Moving Recollections to the opposite side of the room is downright criminal. For a game that takes up an obscene amount of space on my phone, I would expect it to at least look halfway decent. I can't bring myself to recommend this game to anyone unless they revert the menus and the clothing thumbnails back to what they were before. I may be inclined to delete the game and go play Shining Nikki instead, because at least that game maintains visual appeal. I could go on, but the biggest gripe I have right now is the visual changes with this latest update - I'll tear into the pricing of in-game items, the stories, etc. any day, but if they UI changes then this game would easily jump up a couple of stars.",2022-01-24,3,4,361
app04-review006,com.phonevalley.progressive,"DO NOT EVEN THINK ABOUT IT!!!! GREEDY, SLOW, AMATEUR AND DISCRIMINATIVE Got into an accident where the responsible party was insured by this company. They first tried to deny that they were at fault. I was contacted by multiple phone number via text that looked like scam with this company. It literally came to a point that I had to search these numbers online and could not find which made me very worried. I then had to call them waiting on the line for hours learning that it actually was them! Are you serious? What kind of professionalism is that??? Why in the world an email is invited this company thinks??? I have dealt with multiple companies and never seen such a amateur way of processing claims. This claim took more than 45 days!!!! When it was finally determined by the police report that they are responsible, they did everything to avoid paying me since I was the the first car of three-car accident this insurance was responsible for. I was in the very front and there was a relatively newer car behind me. Since the car behind me was newer and had damage on both rear and front I was expecting it to get more for its damages... However, although I was told that the car in the middle should not get more than 5k for repairs, it was later determined it was more than 9k! With that car getting more than 9k, and this company telling me that all they can pay is 10k, all I was offered was less than $600!!! We are talking about an accident that I was in the car with my entire family including a 2 months old. The car literally moved 10 feet with the impact of the accident. And this company is offering me less than $600. Are they kidding me??? No one in the world would touch that car for that much money. With the inflation being this high and labor going through the roof, they are offering $600 for an accident we could have literally permanently be injured. Please do whatever it takes to stay away from this company!!!",2021-11-02,1,2,360
app04-review007,com.nexon.bluearchive,"Editing this review to add some more feedback. I play this daily, it's a lot of fun and I'm so grateful they brought it to global. If I were to rate this game on pure potential it'd easily be a 5. The art is gorgeous, the gameplay is fun, the writing is entertaining, skip tickets are unlimited, and the devs are generous. That being said, it has its issues: 1. Equipment drop rates are awful - you'll spend hundreds of energy to only get a single drop of gear (mainly t3-t5). That's not right considering how many characters there are to gear, the hefty requirements of said characters, and how little energy we get daily. 2. Lack of content - this is definitely a side game but since everything but PvP can be finished instantly with skips, you can do everything for the day in <5 minutes. I love this game and want to play it more. Please add more modes so there is more to do on a daily basis! 3. Banner rates feel really, really bad - rate up characters hardly have any drop priority, and with the spark at 200, you can easily dump your entire pyroxene stash on a single character. 4. PvP is straight up terrible - it's all on auto and can't be controlled so the AI makes their typical dumb decisions and costs you the win more often than not. It's actually painful to watch, to the point where some people start a match and reboot the game so they don't have to. On top of that, the PvP rewards aren't worth it, so the mode is almost skippable entirely. 5. Censorship - devs promised they wouldn't do this and that it's not their fault, but that's hard to believe. It's a slippery slope and sucks to see happen to my favorite game. All that being said, I love Blue Archive and want it to succeed, but it could go either way depending on how the devs handle things. Bonus feedback: - Please add more character interactions! They're the best part of the game and it sucks when their momo talks are done.",2021-12-31,2,3,360
app04-review008,com.honeywell.android.lyric,"I'm done. Is there another app that can control these thermostats? I'm not one to usually leave complaints, but this app is ridiculous. I have been using it for over three years, and keep expecting some big upgrade that never seems to come. Here are the common problems: 1. Constantly disconnects from the thermostats. 2. Thermostats sometimes completely de-register from the app and need to be re-added. 3. You have to log in TWICE every time you use it. You open the app, put in your pin, and the screen immediately reloads asking for your pin again. Its done this for years with different phones. 4. Why do I need to log in after a short period of time? Its a thermostat, not a bank app. Now for some feature requests: 1. Change All - Many parts of the year require use of COOL and HEAT during the same day. With multiple thermostats, why is there no ""Change all to COOL"" or ""Change all to HEAT"" option? My current flow in the morning requires me to LOG IN TWICE to the app, hope it connects to all the thermostats, manually go into each location, open MODE, select HEAT, go back, then repeat for each location in the house. 2. Allow MODE to be Scheduled - Parts of the year I want HEAT in the morning and COOL in the afternoon. Please allow the switching of COOL and HEAT to be scheduled. 3. Alert for Fans - Due to the cumbersome nature of changing HEAT to COOL and back, the Fan accidentally gets turned to ON when fumbling around with the app first thing in the morning. I had a fan set to ON instead of AUTO for months without realizing it. I apologize if this sounds like a rant. In 2021 we expect user experience to be a priority with products we rely on. It feels as if we are locked in due to the expensive hardware, and the software is just an afterthought. I've worked in tech and development for almost 20 years, and I couldn't imagine not making major changes to a product so poorly reviewed.",2021-11-04,0,1,358
app04-review009,com.outdooractive.Outdooractive,"I really really wanted to like this app but it just feels like such a step backwards from Viewranger (VR). Have been testing it in the high mountains (Snowdonia) in mixed weather and have found myself reverting back to VR whenever I have a time of need. Things which are much better in VR: - The UI when navigating - in cold or wet weather, particularly with gloves, you don't want to be trying to pinch the screen to zoom in an out. The compass with the + and - on either side on VR is far easier to use for zooming in and out on the go. - The long thin red arrow showing direction of movement is much clearer and easier to interpret in VR than the very small blue arrow in OA. - The lack of detailed contour lines without zooming ridiculously far in is so so frustrating. VR landscape maps and OS maps show these even when zoomed out to a decent distance. I find them an essential navigational feature in the mountains. - OA seems to stop navigation/recording when minimized for long periods. I often have VR/OA operating in the background whilst hiking and just get it out when needed. With OA it seems to lose everything when re-opened whilst VR records without fail. - One of the key navigational features it misses is that on VR the cross hair shows your current altitude and location, if you move the crosshair over other bits of your route it not only shows you the altitude at that point, but also distance from yourself to that point as the crow flies...this is so helpful for judging distances en-route. - I'm sure there's more things but that's all I can think of from the top of my head. Currently, I wouldn't rely on OA for hiking in the mountains whilst I've heavily relied on VR for years in the mountains. In fact, I'd pay triple my previous subscription to keep VR. Really hoping OA improves over time as it's definitely the inferior product at present for mountain hiking. I'll keep testing it intermittently.",2021-10-07,2,3,355
app04-review010,com.devsisters.ck,"I can no longer support this game with Devsisters going through with nfts despite the community being against them. Devsisters do not listen to the community at all, the nfts was just the last straw. Gameplay wise it is very long and grindy. A lot of the items you need to help make the kingdom grow (the aurora items) are locked in the wishing tree or the train. Or if you have money you can buy them at $19.99 or more. I find this a little unfair and it locks you from really progressing with your kingdom. Another unfortunate item that is locked behind a paywall are rainbow cubes. You can not get these in game for free unless there is an event or a code is given. Leveling up cookies in this game is a hassle all on it's own. you need these star candies to level up your cookies. you do get a good amount in the beginning but as you are progressing in the story you get less and less of these candies to level up but you need to level up if you want to continue because the power level in story mode spikes. You are stuck waiting for bigger star candies from events and such unless you can buy more of them. Even if the game is free it feels like you need to pay money to get anywhere in the game at all. if you don't you are stuck behind a long wait time for items and gems. It is to the point where it is no longer fun and feels more like a chore. The community has been telling Devsisters all of this for a long time now but we are always unheard or ignored. Overall even if you don't care about nfts I would not recommend this game at all unless you either, 1) Have the money to actually get through the game. 2) Have a lot of time to play the waiting game. 3) Don't mind the terrible drop rates for good characters. Don't play this game, it is not worth the time or money.",2021-12-24,4,5,354
app04-review011,com.walmart.android,"Too bad Google doesn't have a way to rate with negative stars. The app used to be very good but as of an update last month (September 2021) it won't even start up without wanting to turn on location services which is already on and permission given for the app to use it. It gives an option to use my zip code but that as well as the location services notice just pop up an error saying ""We are having technical issues"". No kidding, that is saying the least, you ruined a good app. After the update that killed the app last month I went to an archive site and installed the version before you ruined the app and it was working fairly well except for the issue with looking up an item when in a store that has been mentioned here in other reviews. As of now the app won't work at all without letting it update which then completely kills it with the location services error. So as of now I am back to the dark ages before we had these apps. So far I have made 2 purchases at a Walmart competitor because I can use their app to help locate what I went for unlike your app which is completely unusable now. I have tried the app on a phone with Android 8.1 and another phone with Andriod 9 with the same problem on both. Also, you have ruined the site when trying to access it with my favorite web browser on the PC. I mainly use Firefox or a Firefox based browser and now the site loads them immediately goes to a completely blank white screen. It does still work in the Chrome browser but it now has some of the same problems as mentioned here in other reviews for the Android app. Get your act together Walmart. You need to immediately reverse course and let your users/customers go back to what wasn't broken in the first place. This seems to be one of the cases of breaking something by fixing something that wasn't broken to start with.",2021-10-15,1,2,353
app04-review012,com.plarium.mechlegion,"The gameplay itself is good. Some serious balance issues (Why can you one shot other players with artillery/lock-on missiles.) But the main issue is how this game will throw ads in your face to try and make you spend money. Buy a new weapon? Get a popup saying 'HEY YOU KNOW WE SELL A BOOSTER PACK FOR THAT WEAPON'. Buy a new mech? 'HEY YOU KNOW WE SELL A BOOSTER PACK FOR THAT MECH'. After just about every single match you play the game will spam you with popups that you have to close trying to get your money. I have had to close up to 10 popups just to be able to reque and play another match. Oh and good luck being competitive without spending money. The sheer amount of RNG this game requires just to be able to upgrade mechs and weapons is ridiculous. You open crates and from those crates you HOPE that you get the 'pieces' of the mech or weapon you want to upgrade and the more you upgrade the more and more of these you have to find. And there are not only levels, but ranks, and it costs the premium currency to upgrade ranks. Which this game gives you in an absolute trickle. It took me a few days of doing every event I possibly could to save up enough to unlock a fairly low tier artillery weapon, only to find out that I absolutely hate it. Fun game design right? Now there's another weapon I want and it'll take a few days just to unlock that. IS it good or fun to play? Who knows, I'll have to grind it out and unlock it to find out. And then if it is good, spend the next few months farming RNG to upgrade it. FUN. All in all this isn't a bad game. The gameplay is honestly pretty solid, even if it could use a few balance updates. What gives this game such a low rating for me is how they shove monetization in your face, and make it near-impossible to progress without spending money.",2022-01-06,4,5,352
app04-review013,com.resmed.myair,"Just started using the app but my first impressions are that the app is mediocre at best and lacks (what should be obvious) common sense features and functionality. I've been using the new BPAP device for about 1 week but only created an account on ResMed and downloaded the app to my phone today. ---- Now the device has been collecting and uploading data to ResMed / LinCare (via Mobile LTE connectivity - Call Home) so when the account is created, you associate the DN Device Number and SN Serial Number with your account, the past data should be there within the app (and/or) if Not, then it should trigger an immediate Device Sync / Upload (and/or) if Not then at bare minimum it should allow the user to initiate an immediate Device Sync / Upload (I assume the expensive BPAP has the ability to store 7 - 30 days of data). Perhaps in the next 24Hrs it will sync with all the data (and deserves 1 star). ---- What is probably worse however, is the lack of security (spoiler). I wanted to change the password on my account (to make it easier to sign in on the mobile phone) but I could not find anywhere to change the password within the mobile app (or on the ResMed website). The only way (that I could find) to change the password was to initiate, 'forgot password' but, when I did this the process only asked for my email address and when I clicked the link to 'reset password"" there was zero security (Re-checking) so I assume (hope) it was at least checking my Saved / cached password as it never prompted me to Re-enter my old password or answer any challenge questions (which were never prompted to setup in the beginning) so security is definitely very lite on this app and ResMed site. ---- In short, not impressed with the app or ResMed site and I don't think their security passes muster for Medical and/or GDPR concerns. Should the above change, I'll be happy to adjust the star rating but in the meantime...",2021-12-26,1,2,352
app04-review014,air.com.beachbumgammon,"This was a really fun game in the beginning. The graphics and different types of games are fun, however!! After I hit about Level 40, things went South in a hurry. You now go from spending .99 - 4.99 to 13.99 - 18.99 for the same packages. Why? You also must play the 15K 30K or 60K plus games to get any cards to fill your album. So yes, from a crooked business point this makes a lot of sense, but from a better business sense it would be smart to keep cost low and have many more people continue to purchase the small packages and complete their albums. I recently got about 10 packages of cards and not one new card. I am only about half-way done with my album. I also think the dice are fixed in this game. I know you guys preach it is a RNG, but it's not hard to put strings in the programming and STILL use an RNG. When you have your opponent totally blocked, and you are only 37 moves from completion and they are able to roll the exact roll needed, Block you, then go on and win AFTER the double the dice is not only an extreme rarity in real backgammon, but can happen multiple times a week in this game. Also, they give you free coins if you invite friends, so I did. NO coins, sent in ticket, still no coins and now it's my fault. It is amazing how when I play a game with a friend how the dice changes. What a difference from playing a BOT or computer guy. The free spins are enough to let you play one to three small games if you are broke. On the bonus game you will ALWAYS get the bomb if you don't have enough gems to continue. Unless this company can review it's programming scams or change the way the game flows, I am finished with all of their games. There are too many other companies out there that have fun games that you can win at.",2021-12-28,3,4,349
app04-review015,io.metamask,"Complete Scam in my opinion. Trying to access thousands of dollars I have locked away, have the correct 12 word phrase, now they are dodging questions and saying I need a mystery private key I was never told to save. Luckily I have all my private keys, however I STILL cannot recover my funds or get any support. They refuse to respond I've been through the entire help section and nothing that works, and their non human auto response regurgitates the same info from the forums ignoring my issue. Thousands lost from simply getting a new phone and reinstalling the ap with my seed phrase and no help or interest to help from this company. I have not had an issue with ANY other wallet. Be aware! This MetaMask is a HORRIBLE COMPANY! UPDATE: Still no follow-up from support. Their only response was directly from FAQ, saying based on my keywords it looks like I am asking about my seed phrase. I'm not. When I responded. No follow-up. Still trying to recover my wallet, and NO, I didn't download the wrong version or anything of that nature. No support whatsoever. SCAM. Do NOT risk it with this wallet! Update again: Response on Review, I have written support several times. They do nothing but auto respond, and accuse me of getting scammed without even knowing the issue or speaking to me. It was not a scam. It is a glitch or action in their wallet they will not fix or assist me with. I have SEVERAL other wallets and triple check everything. I have Defi Wallet, TrustWallet, Coinbase wallet and others. NOT. ONE. ISSUE. Explain that METAMASK. Stop blaming customers and fix your software and recover our funds. They were not hacked you are not allowing me to recover my wallet. Seems quite intentional. I bet your staff took the coins, as you are the only company with the info or means to do so and refuse to have a human conversation or offer any resolution. Just a stupid response on the review site. METAMASK IS A SCAM STAY AWAY!!!",2022-01-05,2,3,349
app04-review016,com.qustodio.family.parental.control.app.screentime,"We have had Qustodio for 2 years now and wish that it were better than it is, especially for the annual cost. Our three main issues with the app are: 1) The inability to filter text messages. So these are teenagers we are monitoring. If there is an issue with one of their contacts we would like to be able to filter to that particular text thread so that we can see the back and forth conversation. Instead all text threads are lumped together chronologically, so if we are trying to monitor a single conversation we have to scroll through ENDLESSSSSS one and two word texts to and from every other contact, visually scanning for the one contact thread we are trying to monitor. It is slow and inefficient to say the least. If we simply could select a certain contact in a filter of all text contacts, and see only the back and forth conversation for the selected contact, that alone would make the app 10 times better. 2) No MMS monitoring. This includes a lot of group text messages. So kids, if you want to avoid your parents monitoring send an MMS instead of SMS. (MMS shows up on BARK app so it is possible) 3) We have 3 phones on the plan. 1 of them we can see all the contact information on calls and texts. 2 phones we can only see phone numbers. Qustodio's suggestion to restart the phones did nothing. BTW, the app was installed, uninstalled, sideloaded from the side as instructed, uninstalled again, sideloaded again, all settings and permissions were checked and double-checked, and still no contact information is coming over. It is highly doubtful we will be renewing again unless this stuff is all fixed. (Oh, and can't use Hulu because Qustodio VPN server is outside the USA). I'll tell you, I am fairly good with technology and have trouble keeping track of all of Qustodio's annoying quirks and settings and workarounds. I can't even imagine a parent who is not tech savvy having any success at all using this application,",2021-10-06,1,2,348
app04-review017,com.tuya.smartlife,"Hello, I have been using SmartLife App for over 3 years now, and it used to be a very nice App. I actually recommended it to many of my customers (purchasing SmartLife devices, and using SmartLive App) However, for the past 3 months or so, the App has been having terrible LAG issues, when operating the GUI (using the App to turn ON/OFF devices). For instance, no matter what the device is (smart plug, smart bulb, etc...), when pressing ""ON"" or ""OFF"", it can take up to 30sec or even 1min to actually react and to update accordingly in the GUI For example, if I want to turn on a smart plug - I open the App (it works perfectly fine) - I browse my device (it works perfectly fine) - I can see their info, their details, their power consumption, etc. - But if I press the ""ON"" switch : it does nothing (it does not turn ON immediately) - I have to wait a long time (30 sec, 45 sec, 1 min) so that it eventually turns ON - and similarly, when it's ON, if I press the switch again : It is also very long to turn OFF ! Long story short, the GUI works very well for everything else, except for turning ON or OFF any device ! This has been at least 2-3 months like this, and it is the same issue on all my controlling devices (my smartphone, my wife's smartphone, my android tablet, etc... And of course, I have already tried all of this : - de-installing the app - re-installing the app - deleting cache - deleting data - resetting app - etc... I have tried all what I could, it still does not work well anymore ! It is now a real pain and a real struggle to use and to operate ! And this is a shame, because it is a great app, otherwise, and all the smart devices are great too ! Please, fix that issue, it would be great ! Thank you for your feedback",2022-01-21,1,2,347
app04-review018,com.global.ztmslg,"Updated again: Probably my last update before I quit the game. Unless you want to spend a lot of money, you will get attacked by much bigger players, resulting in all your troops being killed. At that point, you have a choice to make: take 4-7 days to heal everyone (assuming that you have the resources) or pay to heal quickly. While healing, you can't do several tasks (collect resources or attack monsters/zombies, as you have no troops. It is truly all about greed. The developers could make a PvP option, so that casual players can actually play. They could also make it should that shields stack. But they won't, as they want your money and a lot of it. Good luck to new players, as you will need it. Or just save your time and don't play it. Updated review: Initially, it is an enjoyable 5-star game that isn't a major time or money waster. However, it becomes apparent after a few levels that it is all about the money. Don't get me wrong, as it costs money to develop and maintain games. However, they need to have some kind of PVP toggle switch or allow attacks on players within a few levels. Once you're over 10th level, you can get attacked. To make it worse, the game has events that specifically encourage attacks on other players. At the point, level 30+ players are slaughtering level 15 players and taking all their resources. You can shield yourself, but they don't stack (by design). So, the game offers you recovery boxes for money... just so you can get slaughtered again. At this point, I can't even collect enough resources without getting attacked and losing most of it AND having to wait 3 days for my troops to heal (unless you pay). Without troops, you can't attack or gather. Very attractive game and it is fun, but it very much is a money grab. Expect to spend $50/month at a minimum to make progress. That is more than I want to do on a mobile game.",2022-01-06,4,5,345
app04-review019,com.mcdonalds.app,"After a huge hassle I gave up and started a brand new login. My old one refused to work and I didn't wanna deal with customer service over an app. So I go to order food... If you want the crispy chicken sandwich with pickles you can't get it with tomatoes and lettuce, or vice versa. You can literally add an extra chicken patty, but not pickles. Oh, did you want mac sauce on your quarter pounder? Too bad, we've arbitrarily decided you can't do that. Mayo? Better order the deluxe, mayo is too fancy for that basic version. Wanna order on your phone and send your wife to pick it up after work? Nope, gotta press a button on your phone to confirm you're there. Tried to check in when my wife got there, Nope! Here's a ten digit code so they can pick up the food. Because that's user friendly. Oh, you can't copy it either. You're manually typing the whole thing out if you wanna have someone else grab your food. Scheduling orders for later? What do you think this is, Taco Bell? This is a web automated app, you think it can send orders 20 minutes from now? Also, if you want rewards or deals when you're getting delivery, better go to Wendy's because this one? No, that's too complicated. I hate how every restaurant is basically forcing you to use their app if you want any discounts whatsoever, then when you go to do so the apps have the most bare bones functionality... When they work. I couldn't even USE this app for like 3 months, it's actually enough of a hassle that by this point I've just stopped eating McDonald's entirely. I got a deal with a 6 dollar quarter pounder and if I wanted mac sauce on it I would have been paying more like 9.50 to manually order it. Needless to say, my wife and I both agreed this was our last McDonald's trip.The food is mediocre to begin with. Nothing should be this convoluted and difficult.",2022-01-30,1,2,345
app04-review020,fm.dice,"I would not use Dice again as they are selling tickets for companies like Klub Verboten who , in my opinion are operating unethically. Klub Verboten are selling tickets - scanning them and then kicking the clients out for no reason: We went to 5 years verboten a couple of weeks ago and were refused entry along with many others for no reason whatsoever. I don't know if they are overselling tickets or what is going on but it is pre meditated. There is a long wait in queues to get in and then after they have scanned your ticket then gleefully say to one another at the door ,” what do you think about these guys”and then on a whim get the security to escort you to a back door away from the queues of people waiting to get in. Outside we found a constant stream of mystified people trying to work out why they had been removed. For the 10 minuets we were there we saw 30 people that had been ejected, so the total number over the hours it took to enter the club must have been large. It is not a surprise that the event location is kept secret till the last moment as they must have treated many people like this. 5 years Verboten talk a lot about buzz words like being inclusive and not being a “d**k” but they are the opposite and certainly not inclusive. People who read their t's and c's will note that they say they can kick who they like out -naturally a normal person would assume that this is reserved for trouble makers and to be expected but it is nothing like that. People spend a lot of money on transport and hotels to attend and to have their night and money disposed of with the obvious pleasure of the organisers is really distasteful. Can you please review the type of businesses you sell tickets for as 5 years Verboten , in my opinion, are not operating a transparent professional event.",2021-10-08,0,1,342
app05-review001,com.getmimo,"I fist started using this app 3-4 years ago but had to stop due to personal circumstances. Back then it was a great app, great value for money and I would of recommended it but, I've recently re downloaded it and started using it again and I have found that it's not as great as it once was. Most of the languages have been removed you are now just left with Python, Java script, HTML, CSS and SQL. the app used to have a lot more and covered the basics really well. This would of been fine if it was just to streamline and specialise the app to provide more quality content for the languages they do provide but this is not the case. I jumped into HTML to refresh my knowledge only to find it does even cover the very basics. its starts you of with how to code buttons in HTML which is fine but for a complete beginner is a very strange place to start. It doesn't take you through the boilerplate code anymore. they now have a course you can take to get you into the industry as a front stack web developer in 6 months which is great but the app now seems like more of a supplement/ learning aid for that course so self learning is not as much of a viable option anymore with this app. I would suggest using other free sources of information to learn coding if you don't have the money to invest in this app or course, then use it when you have a bit more knowledge. As of now I cannot fully recommend the app as there are now better alternatives for those who are absolute beginners or prefer to learn solo in their own time. if you want to pay for a more comprehensive course then things like linked in learning, Udemy and other video learning courses are better and YouTube is the best place to learn the basics and its free if you don't mind the adds.",2022-01-06,3,4,341
app05-review002,com.im30.ROE.gp,"lots of colors, lots of content but a lot of no real use. some buildings are only there to be there without purpose. or different buildings serve exactly the same purpose and their only difference is to buff a different property. the ressource system seams like it doesn't follow any rule. the level of required resources increases lineary up to a certain point where the resource requirements suddenly increase by at least 200%. Not so bad if the gains in resources increases as well. But they continue to increase lineary. The time it takes to collect resources is out of proportion and their profit is negligibly tiny. On the other hand, for some ridiculous reason, the soldiers' load increases by at least 260%. It's no wonder that everyone runs off and wrecks the weak, because it's common knowledge that they have the resources because they want to grow. Indeed, there's more facts to consider, but each of these only tops the obvious. To put it simple, the imbalance between attack vs. defense is terrifying. but there's not enough space here to go into details. Just a quick example. With a Level 22 castle it is completely sufficient to put lvl 1 soldiers in your army with good hero (in this case 35-45) and you blast level 18-20 castles into pieces with K/D of 1:13. And afterwards you will be punished many times over - loss of resources - loss of troops - loss of resources because of troop healing - negative buss because of troops in the hospital The FAQ is just a joke. important questions ain't even part of it and that what has made it in has no value or leave you with more questions The Help doesn't even deserve the name! Half is leading into dead-ends and the rest is information of no use ...so goes the list on and on and on In the end, even if you repeat it a thousand times, the statement ""...our game is fair to every player..."" will not be true.",2021-11-23,3,4,340
app05-review003,com.bandainamcoent.toluminaria_en,"i LOVE Tales games, but this is not a Tales game. does not look, play, sound or even feel like the series I love. I played the other Tales mobile games like Link, Rays, and Crestoria, but this is the first one for me to not really enjoy. i'm certainly glad the gacha system does not involve rolling for characters tho which is nice enough. still there's so many problems I have with this including but not limited to the camera, the battle system/screen, the odd pinterest style home screen that actually feels super unorganized, voice language limited only to English only, and others. the camera and battle system really are the lowest points of this game for me can't zoom out or turn/move the camera so it's easy to miss things and annoying really to track enemies during fights. the battle system is so rigid and the button placement for attacking is so uncomfortable to me. like why is there no option to place it anywhere or AT LEAST to the side vs just center of screen which is so awkward and gets in the way of my movement and vision so much of the time. many games i've played have the tap to attack which is a lot better too with a mechanic like dodging so a fixed button in the center of the screen is really weird and doesn't feel great. also the mystic artes, which are a highlight in Tales battles imo are actually like extremely disappointing to look at. all that on top of how clunky the battle system feels. Luminaria is not a bad game per se as the story and chars are kinda fun and i like it, it's such a shame to me too since I love the visuals and aesthetic of this so much. I do hope they improve this game but i'd rather read/watch the story unfold on YT or something than play the game myself because I'm not having much fun playing with it as it is right now.",2021-11-07,1,2,340
app05-review004,com.coolkit,"eWeLink has a great slogan: ""works with everything"", but it is light-years from that. 1) Tried to pair a couple of devices (*WIFI*), other than Sonoff, with it, but eWeLink didn't recognize them, even in ""compatible mode"". Seems it looks for AP that has SSID ITEAD-xxx; in other words, it won`t work with devices which SSID isn`t ITEAD-xxx. 2) On a MESH network, it shows as many AP as the number of routers [on the network]. Seems it gets lost, I mean, it doesn`t know which router provides better signal, making a great mess, showing a confusing list of all routers on [MESH] network. 3) It's not able to ""see"" the ""physical"" state of switch in Sonoff Mini: all I want is keep the switch state of Sonoff Mini when motion is detected (or not) by a PIR sensor, but eWeLink insists on bypassing switch state; I mean, if I turn on a light using a switch (wired to a Sonoff Mini), all I want is eWeLink to ignore a scene linked to a sensor until I turn off that switch. As simple as: ""if switch is on, loop; otherwise, do what PIR sensor says. 4) It's possible to clear logs of ""subdevices"", under Zigbee hubs, but clear logs of *WIFI* devices? No way! *ABOVE ALL*, PUSH NOTIFICATIONS are a great, not to say *enormous*, PROBLEM/BUG, mainly because we are talking about a security system, I mean, I have more than a dozen of door/window sensors in our houses (regular and beach) and all I want is to know if their state (sensors) has changed in real time. Somehow, randomly, eWeLink stops reporting the state of those sensors on Android. After ""trial and error"", I figured out I have to log out and back in to get notifications. There are times when the prob has to do ""deep sleep"" [on Android], even though all the options related to battery are turned off... guess R&D of CoolKit Technology has to spend more time to understand how Android OS works.",2021-10-26,2,3,338
app05-review005,com.barkinglabs.fi,"I was pretty excited for this collar but upon receiving it I completely changed my mind. The collar seemed pretty well built and looked nice but that's about all it's got going for it. As soon as I got the collar I plugged it into the base and proceeded to install the app and start the activation process. I installed the app, entered my dog's info, and that's about as far as I got. The app kept failing to connect the base to my WiFi with some generic message that it wasn't able to connect and try again later. This continued 10+ times even after closing the app, toggling airplane mode on my phone, restarting my phone, unplugging and plugging the base back in, etc. I was starting to get frustrated so I thought I'd try to connect to the collar via Bluetooth since it was showing up in my Bluetooth connections but that didn't work either. After troubleshooting that for 30 minutes or more, I finally tried to contact support. That was an extremely quick conversation and was told that the Fi base can only connect to 2.4 GHz WiFi signals. That felt like a copout answer and I told them I wasn't about to split my 2.4 and 5 GHz signals just for a dog collar. The support person said there was nothing else they could do so I told them I want to send the collar back. Sending the collar back was an extremely easy process but it really bothered me because they wanted it in the original box, which is fine, but that cost me about $10 in shipping through USPS. So, they send a product that doesn't work in an average use case (most people have their routers on a single SSID for both 2.4 and 5 GHz signals) and then I get charged for shipping it back to them. For what the collar and the subscription costs this collar is not worth the price. I was extremely disappointed in the entire process.",2022-01-18,1,2,338
app05-review006,com.yelp.android,"First time using them a year ago spent $324 in a month and I had 6 leads I did business with one and it was a wash on face value but lost money because of operational costs. From there quit the ads and stuff of that level the next winter I talked with another yelp person and said geez they dropped the ball we're sorry and said they gave me a $300 dollar credit and that will be on my account. I said ok I will see what happens with the $300 dollar credit and the parameters he is setting up for me. As three weeks go by I don't receive any leads or site clicks from yelp... I ask hey what is going on and how can I help with pictures, words, or anything because nothing is happening? First words out of a lady's mouth O You were supposed to do all of that yourself because you're not paying for it....I said then what am I being charged for? O you have the photo package, to list package, and another package I forgot she said because I never talked with the sales guy about it. O and on top of all of that, the credit for $300 doesn't go into effect until I spend $450 which was never said. I cut my losses and going forward I will make it my personal mission to tell people I know to never throw money at this company. I had an ad run in April of 2020 and another from October to December 2021. No difference in April of 2020, but a lot of ""clicks"" in October and November. It says I received calls but the only ones I get are from google, Facebook, and Instagram. I know because I ask how did you find me so I can push my money to get results. I wish the owners of Yelp cared for people as much as money because I wouldn't write reviews like these to hurt a business.",2021-12-17,3,4,337
app05-review007,com.kingsgroup.sos,"I tried out this game and wanted to like it. However, practically every step you take on it requires an in game purchase. I'm fine with some purchases just not every 10 seconds. If you do buy something it's a process to get it applied so you can even use it. The game kept telling me over and over again to purchase a VIP pack so that I could do a mission, and when I did it still didn't let me do it. It continued to say I needed to unlock it by buying the VIP pack. Avoid this game, unfortunately. EDIT NOTE ..... After seeing the response from the developer, I need to clarify that I was invested fully in playing in trying this game. This includes doing tasks and upgrades and everything else. This wasn't a one and done effort to try to get into the game. I'm not a person that's big on joining groups in order to enjoy a game because groups aren't always be there. If you can't enjoy the game on your own, that is no point in investing time to play it. The issue I pointed out, where I bought things that were never applied to my system or never unlocked what was supposed to does not even relate to the idea of needing to join groups or put more time into it. Every day it said when I clicked on a task that I needed to unlock a VIP eight perk which was supposed to cost five dollars. I got sick of seeing it, could not find any way around it despite what was said, and finally gave in and spent the five dollars to buy the perk it said I needed. After buying the Perk it still would let me do it. As i said previously, this is not an issue with giving it time. It's an issue with playability and focusing on being a pay=play model. I really wanted to like this game. It's a shame.",2021-12-02,1,2,336
app05-review008,com.square_enix.android_googleplay.WOTVffbeww,"I can't stress to you how GREEDY and STINGY Square Enix is when it comes to their mobile games. You wouldn't expect that since they are well known especially for their Final Fantasy franchise. At the moment there's an event that is a collaboration with Final Fantasy XV. The rates for Noctis, Prompto and Aranea are ""SUPPOSED"" to be high. This is a load of bs. There's a 5 step visiore and a 9 step at 1,500-2,000 gems per 10x pull. Most of them require you to use paid gems rather than the free ones. I have Amazon Prime Gaming and they give me perks for this game. I had a nice amount of gems but could only pull on certain banners because they weren't ""PAID"" in the app store. I made a few purchases because I wanted Noctis. I made so many pulls that I filled the mileage gauge to 100% three time on one banner and once on another so that's 4 gauges filled to 100% and I got none of the FF XV units. They give you these special medals from the event visiore pulls. They can be used to purchase in the FF XV shop. All 3 units are available for purchase. At 2,000 medals per unit. However they only give you a small amount of medals per 10x pulls. After so many attempts without obtaining at least one of the collaboration units there should be a definite guarantee or a selection ticket to choose from just those units. But that's corporate greed for you. They hook you in the beginning with all of these freebies, and you miraculously get a lot of MR and UR units in EVERY 10x pull. That stops after about 3 weeks or so. Because they want you to spend money. For the F2P players I would suggest getting your freebies and just try to enjoy the game for what it is but be warned. This game is most definitely a Whale's Paradise...Good Luck!",2021-12-15,1,2,333
app05-review009,com.os.space.force.galaxy.alien,"The only way to obtain blue gems is to purchase them with hard earned cash or getting just a few by watching lots of adds or playing Hunter or Adventure modes. It is too hard to get blue gems and evolve. They won't let you exchange stars or coins for blue gems. The game becomes to hard to pass even on easy mode without them. Not cool. I also was offered gems just for downloading a bank app (Varo Bank) and when I didn't get my gems they said it was up the the bank to verify. Long story short no gems 2 months later. The bank people say its up to the game to fix the issue and they wont. Not cool! I repeatedly emailed the game by the game mail box and they would not resolve the issue. They have really bad customer service. In my experience they will not address the questions I asked and they do not provide a phone number to call. Again only by emails. It seems like I am never dealing with the same person from day to day and the people on the other side do not communicate with each other so I have to explain what the issue is over and over again. In short, I don't recommend the offers for gems because when you have an issue the game people are too hard to deal with. They make you send them a video (don't know why) and when I finally researched and downloaded the app to be able to take a screen video the game people told me it was too late and did not give the rewards promised. The game seems to have lots of bugs and they are hard to deal with customer service wise. The game is cool, it is, and the summer game was really cool, but the customer service is a one start rating making the whole game a one start game. Just too hard to deal with.",2021-10-05,4,5,333
app05-review010,com.playrix.township,"I loved this game for several years & gladly paid for it. It was that good. I've invested so much time, energy and money into my town. I'm quite proud of it. The game didn't require hand eye coordination, there were a few puzzles but it was mainly strategy and teamwork. The original introduction of the experiments was wonderfully done and so much fun. It brought a new element into an existing game without changing the game's design. Then they started focusing on mini games. Now to get good decor you have to grind through these horrible non-township related mini games. When they first added mini games to the experiments, it was minor and you didn't have to do them to complete the experiments. But now, it's not only flipped, they've made the difficulty level so high that only those who cheat or don't mind spending hours doing the same thing over and over again will get anywhere. In order to get 1/3 of points needed to just get through 1 of the 25 stages, I have to play the friggin' mini game 200 times (400 boosts, 2 boosts each game, is 200 games, it's crazy). I am unable to play hand-eye coordination games so I don't do it and I don't enjoy them. Support has been useless, they just say ""we'll pass it along"" but nothing ever changes. Are they getting THAT much more money from these changes or something? I know not from me, I only make one small purchase a month now. It's killed the joy that this game brought to so many of us. I've continued to pay for the gold pass in hopes that this will get better, but so far, it just hasn't. I'm starting to look for another game that is what Township used to be. I don't want to play knock off frogger or a gum machine or road spans game. I installed Township - I'd like to play that game again.",2021-10-14,4,5,330
app05-review011,com.square_enix.android_googleplay.FFBEWW,"I played this game several months after global release and I had uninstall it last December! TLDR- Newest updates like Class of Will and the new Morale Units killed the game for me! It became too p2w and challanging that will put off casual gamers! Long version- I used to liked this game since 2016 and I was fine with the new updates they added year by year (6*, 7*, moogle event etc) that is until they release the new rarity ""neo vision"" and the new game mode Class of Will (CoW). You can no longer KO the boss within 1 or 2 turns which even the past annoying event Dark Vision became likeable! To top it off is they introduce units with ""morale"" which is anothe mechanic in CoW which will help make the battle faster and easier to beat. The rate for NV units is arleady ridiculous and eventhought they updated past unit with morale boss, it was better getting the newer moral units! Another word, it became more pay to win! As someone whose played this game casual as in never had the time and paitence to played those Fallen trial bosses, it became hard for me to get decent rewards while staying free to played as rng did not favour me. Overall I saw this as a scummy moved from GUMi and I decided to quit since I no longer enjoyed playing it! Looking as the past updates and new units introduce, I see I had made the right choise as new unit introduce are now cantered toward CoW! Lastly the memory storage is a lie. What you see at this game is NOT the total memory storage you will need. Everytime you access to a stage and cutscene in season 1-3 will increase the sixe little by little until it become over 8GB! Like WTH that is some poor optimizing! Now you can delete this via cache cleaning but still, it has become too large!",2022-01-24,0,1,330
app05-review012,com.ford.fordpass,"So washing the car, noticed the lights come on. Door unlocked. Let's me pull the car in the garage. Fob is 30 feet away. Phone clearly shows that the BT is NOT connected (PAAK, not Sync). I find that really interesting. Call for support? Get a ticket? I have a ticket from 7/2 that has never been acted on. I'm rather slice off my hands than call for support, get routed to India, a bunch of ""Mr. Rick"" and guidance that's not correct. Thanks, but I'll pass on that. Update - redid PAAK and it setup just fine. HOWEVER, when I go to do backup passcode, it doesn't see the phone. When I look it my BT connections, PAAK isn't connecting. When I click Connect, it still doesn't connect. Tried this a few times, no luck. So it establishes the PAAK but won't connect - BT shows disconnected... Finally got it to load. Had to delete it, reboot phone, then reinstall. Now have to redo PAAK... I was able to download 3.33 on my wife's phone (same phone as mine), and update just fine, and it works. On my phone, I got yesterday's 3.33, and had issues, so I uninstalled it. Today I install the newer 3.33 (you really should number it 3.33.1), and when I log in it just spins and spins. How about sending me 3.32 so I can go that route? Downloaded the 10/26 version of 3.33, and when I go to log in, it just does the same as yesterday. Shows various symbols in the center, while a solid white line makes its way around the circle. After a few minutes I close the app and give up. 3.33.0 makes the phone totally unresponsive. Can't do basic functions. Needs tons of work. PAAK requires app to be open on phone? Huge battery drain. Charge logs no longer updating. Battery status often 12 hours behind. Ford needs to step up the quality of this app ASAP.",2021-10-26,1,2,329
app05-review013,com.marvel.unlimited,"So after yesterday's update, I think we're taking a (very) small step in the right direction. Being able to filter your library with titles that you want to see, sure, is a great functionality. However, the filter feature still is lightyears away. I would like to see the app use all the real estate on the screen. Can you not go back to the ""wall"" of covers, depending on how you filter? I want to filter by series, and view by issues. Even if that means multiple series totals up to over 400 covers, I should be able to see all of them in order of release. That way I can read tie-ins in the correct order. Currently, the filter feature (if it gets overloaded) is not working. Example: I want to read Amazing Spider-Man (1999-2013) and Peter Parker: Spider-Man (1999-2003), and I'd like to view, by issue, and in release date order, the covers of each issue. When I try to view ""issues only"", I get the error ""No Results For Filters | Try again with different or fewer filters for more results."" So you're telling me that I've picked two series that I want to view by issue, and I can't? That's too much? Not good, Bob! I had to delete out my entire library and re-add them, because the new UI is very confusing. I love keeping track of all issues I've read, both digitally and physically. If I go purchase a physical copy of a new comic, or even an older one, I want to document that I read it in my app. That way I know all of the issues I've read and can refer back. However, all the issues I added prior to the major update has caused the UI to be confusing as hell. Either way, still incredibly unhappy overall. Again, I'll be glad to jump on a video call and talk through my ideas and frustrations. Thank you for your time.",2022-01-13,3,4,329
app05-review014,com.zellepay.zelle,"Zelle incorporated into your bank app works fine. However, if your bank does not offer Zelle, you will have to download the Zelle app and link it to a debit card in order to send and receive money. The good news, at least for myself, is that it is free and works instantly. The bad news is that the weekly sending limit is only $500. It is much higher when Zelle is incorporated into your bank app because each bank sets their own limit. Now, here is the reason I would never recommend the Zelle app. It will let you switch the debit card on file, but be careful how many times you switch it because it will not allow you to do it more than a couple times before not allowing you to do it again. It will also lock you out of your account which it did to me. I called up to get my account unlocked which was not too much of a hassle, but I was unable to switch my debit card on file. Like many others have said, the representatives just read from a script and have no clue how to answer any of your legitimate questions. I was informed a user is not supposed to switch accounts or debit cards really. I said then why is there an option to switch accounts. Duh! Plus they have no idea if and when I will be able to switch my account back to my other debit card I have already used before. Really? Customer service with knowledge is non existent with Zelle. Zelle is a horrible stand alone app! Zelle is also a greedy corporate giant who takes advantage of banks by charging extremely high fees to banks that are a part of the Zelle network. I wish there was another service provider like Zelle so banks had the option to partner up with them instead and tell Zelle to take a hike.",2022-01-05,4,5,327
app05-review015,com.google.android.apps.youtube.music,"Its functional but a gutted version of the previous app, Google play music. Download any other streaming app instead. Here are the issues with it in no particular order. Core features that should be functional are not. The auto play is never truly disabled, instead when an album ends YTM seems to randomly decide from the top 100 what to play next, often doesn't even match same genre I was listening to. The shuffle button is broken and almost always starts on the same song and runs through a preset ""shuffled"" version of the playlist often repeating the same subset of songs (about 10 songs) over and over. Songs cannot be reordered in the app, users must use youtube on desktop to change the order of songs in their playlist. This is an issue for both music streamed from the servers as well as music that is downloaded onto the device. Desktop users are not supported except through user created apps, which would mean giving account log in information to an unauthorized third party. Users on desktop cannot download previously purchased MP3 files so even if a user wanted to transfer their collection to a different service it's too late and YTM is holding digital collections hostage. Files can only be downloaded on mobile devices but are not the original quality purchased or the original quality uploaded. Instead all the files downloaded are highly compressed mp3 files. Overall this is a massive leap backward from google play music and in my opinion not even a real competitor to other music streaming or music playing apps. The only advantage to using YTM vs other apps is the apps ability to download any youtube video in the 'music' category as an mp3 onto a mobile device, but I am sure that this is a bug and will be patched out soon as it is legitimately a form of pirating music (downloading songs that haven't been paid for).",2021-12-28,3,4,325
app05-review016,com.diune.pictures,"11/5 - Last update from me. I used the app to move some pictures from the secret folder to an unsecured one. It lost 1/4 of the pix, never to be seen. Tried to find them via a file management program, and they are truly gone. That is a deal breaker for me, sorry. I've uninstalled. Very sad to see what has become of such an elegant app. 11/3 - Update: Well, from below, now it seems that pictures are not immediately, or even quickly, showing up in the 'all' album. In fact, it shows as being EMPTY, despite all the other albums having some photos in them. Photos I took with my camera yesterday evening and this morning are still not showing up in the application in any album. Other apps are showing them, so I know it's not my phone. I hate giving a great app like this one star, so I'm giving two for how great it was, and how I hope these issues get fixed soon. Will update again hopefully with better news. 11/2 - I have used Piktures for quite a long time, and have found it easy to use, robust, and lovely. Despite my phone being topped out at Android 9, (Samsung S8+), it this morning made some changes based on what Android 11 needed, and now there are some issues. The main issue is that it now doesn't show all of my photos. I regularly screenshoot and download images, and crop them in the app. Did so today, and it can't find neither the originals or the crops. Gallery, however, can. It also randomly made new albums with 1 or 0 pictures in them. That's no big deal, I can always ""unsee"" them, but the first issue, that's kind of a big deal. I'll still be using this, as I know for sure the developers are very responsible, having raised issues in the past with great results.",2021-11-05,2,3,324
app05-review017,co.feeld,"10.29.2021: This app is full of bugs. AND FEELD LEAKED MY PRIVATE PHOTOS and made them public. The app developers do NOT CARE about user privacy, and for a month the support team have not responded to my emails explaining I cannot log in. I thought it would be useful to write a review of what using Feeld is actually like: - It's Friday night/the weekend - You think, let's talk to my matches (some of whom you've been talking to for a few weeks) - The app will not load your matches and keeps saying 'connection error' (I am on a Samsung S10 and all my other apps are fine) - If you pay for 'Majestic Membership' (which allows you to make photos private, see who likes you, etc), - there's no guarantee your photos will stay private. As of the date of this review, I am still paying for majestic membership and yet the app is still trying to sell it to me. And my private photos have been in the public domain now. Feeld literally leaked my discrete photos. - You email Feeld and never ever ever get a reply. Currently I'm paying for a service that is expensive and leaks my sensitive photos to total strangers. Nice one. This app is used by people who want to explore, and people who know their way around kink scenes. But here's the thing - it's openly ridiculed in kink scenes, and everyone acknowledges that its awful. Imagine designing an app which is actively ridiculed by the very community you want to serve and support. Feeld support have not replied to me, they don't want to engage with the fact that they leaked my sensitive photos because of a bug in their majestic membership / my user account. TL;DR: DO NOT BUY OR DOWNLOAD THIS APP. Just meet kinky people on Tinder and other places, and look for fun a different way.",2021-10-29,3,4,323
app05-review018,com.zellepay.zelle,"My family and I were making vacation plans and I was the main person booking the vacation home. To book it, I had to have the down payment from a single account so the 3 other families joining me sent their portion of the vacation home down payment to me via Zelle. All was looking good, I received all 3 payments and sent vacation home down payment. After a couple of weeks, 1 family wanted to send their remaining portion. They informed me Zelle would not let them send it to me. I went to my Zelle app and thought, maybe I should reinstall. I did and it said my number was invalid. I called customer service and they said I had been flagged for suspicious activity and misuse and there was nothing I could do and nothing they could or would do. I'm certain some notification could have been sent prior to this whole fiasco to alert me of the possibility of misuse and discontinuance. I am very disappointed in Zelle to say the least! If I could I would give it a ""0 stars"". A family member works at a bank and sees plenty of people using Zelle to move large amounts of money (some more than 10x the amount I received) with no issues. Why pick on the little guy trying to book a vacation for his family. Customer service on this particular incident, in my opinion, was nothing more than a person reading a script to move me through the system to get to the next person. The ""supervisor"" they connected me with was just as bad, not helpful at all. So now my family must choose a different form of online banking transfer to complete our vacation home booking. What a waste and disappointment. I understand Zelle needs to take precautions on banking transfers but seriously, a little investigation before revoking usage could help reduce ""0"" star reviews.",2022-01-04,0,1,323
app05-review019,se.illusionlabs.skate2,"I think this game is a waste of time availavable resources .It brings about a fair experiece of hate,resentful feelings towards it, that may or may not be welcome.I had started playing ,it bored after a little amount of time,and proceeded to uninstall this app.To my horror,and surprise,my phone got stuck. The problem went on for about a month.And finally,after going around shop after shop,and I hav still not managed to use my phone as I had ever since.It gets hectic and maddening.The graphics are wrong.The purchases make the game seem ore like a stupid shopping mall that wont allow you to move unlesss you see a sponsored advert or you buy something with money.It is unfroffesional,incompotent,and extremely frustrating if I recollect the ordeals i still face right now.I feel cheated by the seemingly good icon and videos of the app.I feel like this app can give more than the stupid ,fluctating,and ultimately dissapointing app that it is.I am sorry that the developers of this game are still working on something that could very well corrupt a good ,ell-performing mobile phone.People,if you are looking to try out their other games without prior experince,I warn you of the reoccurance of my case for you ,which is not at all desired and pleasantIt is overall a good game if they can remove the sickened horrible good-for-nothing bugs and ''viruses''in the game.I strongly do not advice a new user who looks for good uality gaming experinces and good times ahead of them for a long time,in general,download this app.I do wish I could have used stronger words,bu I might portray myself a little too much.I hope the devs are able to rectify this problem as soon as possible,but something will restrict me from ever playing this game.With all of this,I hope ou now know the problems and the good things about this game.Please like this review if you found it helpful.Thankyou",2021-11-09,3,4,318
app05-review020,com.thumbtack.pro,"1. Make the base prices of the Pro more visible to the Customers. Because many Customers do not see the prices of the Pro and order them. And then it turns out that the Customer is ready to pay 2-3-5 times less!!! _____ 2. Add the ""wrong category selection"" return category! Many clients choose inappropriate categories and because of this, Pros lose money. _____ 3. Add a minimum order price option. Often there are Customers who want Pro to come and do something for $ 30-40. This is not beneficial for the Pro. In addition, the lead itself costs about $ 10. _____ 4. Make a daily budget, not a weekly one. I put budget $150 for the week, and it spends in full on Monday-Tuesday. I get a lot of leads, that want work to be done in that day or next day. And since I can't take everyone - Customers refuse and I just lose money. If I would increase my budget, I will not get more Customers, I will simply lose more money. But if the budget is daily, then I will put $50 a day (which will already be $350 per week - this is profitable for Thumbtak) and I will receive 2-3 orders per day and there will be no Customers who refused. _____ 5. Add the option ""do not accept orders on the same day"". Many Customers write ""I want you to do this today"". But I already have 3-4 clients that day and I have no free time. And I lose money on such leads. I want to enable the option so that Customers who want ""today"" will not see me in the list of available Pros. I want to work with Customers who know how to plan their schedule. _____ 6. Filters in ""Opportunities"" don't work correctly! I need to choose range 25 miles every time. App doesn't remember it.",2021-11-01,3,4,318
